Partito;1948;1948_percent;1953;1953_percent;1958;1958_percent;1963;1963_percent;1968;1968_percent;1972;1972_percent;1976;1976_percent;1979;1987_percent;1983;1983_percent;1987;1987_percent;1992;1992_percent;1994;1994_percent;1996;1996_percent;2001;2001_percent;2006;2006_percent;2008;2008_percent;2013;2013_percent;2018;2018_percent
ASTENUTI;2261813;7,77%;1865757;6,16%;2000171;6,17%;2433175;7,11%;2564849;7,21%;2523664;6,81%;2671568;6,61%;3960436;9,38%;5338175;11,99%;5105844;11,17%;6007200;12,65%;6588751;13,69%;8343072;17,12%;9170898;18,62%;9369269;18,81%;10956951;21,88%;14048034;27,82%;15578061;30,64%
PDS;0;0,00%;0;0,00%;0;0,00%;0;0,00%;0;0,00%;0;0,00%;0;0,00%;0;0,00%;0;0,00%;0;0,00%;6321084;13,31%;7881646;16,37%;7894118;16,19%;0;0,00%;0;0,00%;0;0,00%;0;0,00%;0;0,00%
FORZA ITALIA;0;0,00%;0;0,00%;0;0,00%;0;0,00%;0;0,00%;0;0,00%;0;0,00%;0;0,00%;0;0,00%;0;0,00%;0;0,00%;8136135;16,90%;7712149;15,82%;10923431;22,18%;9260309,63;18,59%;0;0,00%;0;0,00%;4691231,978;9,23%
ALLEANZA NAZIONALE;0;0,00%;0;0,00%;0;0,00%;0;0,00%;0;0,00%;0;0,00%;0;0,00%;0;0,00%;0;0,00%;0;0,00%;0;0,00%;5214133;10,83%;5870491;12,04%;4463205;9,06%;4711702,37;9,46%;0;0,00%;0;0,00%;0;0,00%
LEGA NORD;0;0,00%;0;0,00%;0;0,00%;0;0,00%;0;0,00%;0;0,00%;0;0,00%;0;0,00%;0;0,00%;0;0,00%;0;0,00%;3235248;6,72%;3776354;7,75%;1464301;2,97%;1749296;3,51%;3024543;6,04%;1392918;2,76%;0;0,00%
RIFONDAZIONE COMUNISTA;0;0,00%;0;0,00%;0;0,00%;0;0,00%;0;0,00%;0;0,00%;0;0,00%;0;0,00%;0;0,00%;0;0,00%;2204641;4,64%;2343946;4,87%;3213748;6,59%;1868659;3,79%;2287022,049;4,59%;0;0,00%;0;0,00%;0;0,00%
POP-SVP-PRI-UD-PRODI;0;0,00%;0;0,00%;0;0,00%;0;0,00%;0;0,00%;0;0,00%;0;0,00%;0;0,00%;0;0,00%;0;0,00%;0;0,00%;0;0,00%;2554072;5,24%;0;0,00%;0;0,00%;0;0,00%;0;0,00%;0;0,00%
CCD-CDU;0;0,00%;0;0,00%;0;0,00%;0;0,00%;0;0,00%;0;0,00%;0;0,00%;0;0,00%;0;0,00%;0;0,00%;0;0,00%;0;0,00%;2189563;4,49%;1194040;2,42%;0;0,00%;0;0,00%;0;0,00%;0;0,00%
RINNOVAMENTO IT-DINI;0;0,00%;0;0,00%;0;0,00%;0;0,00%;0;0,00%;0;0,00%;0;0,00%;0;0,00%;0;0,00%;0;0,00%;0;0,00%;0;0,00%;1627380;3,34%;0;0,00%;0;0,00%;0;0,00%;0;0,00%;0;0,00%
FEDERAZIONE DEI VERDI;0;0,00%;0;0,00%;0;0,00%;0;0,00%;0;0,00%;0;0,00%;0;0,00%;0;0,00%;0;0,00%;0;0,00%;1093995;2,30%;1047268;2,18%;938665;1,93%;0;0,00%;800809,2922;1,61%;0;0,00%;0;0,00%;0;0,00%
PANNELLA-SGARBI;0;0,00%;0;0,00%;0;0,00%;0;0,00%;0;0,00%;0;0,00%;0;0,00%;0;0,00%;0;0,00%;0;0,00%;0;0,00%;0;0,00%;702988;1,44%;0;0,00%;0;0,00%;0;0,00%;0;0,00%;0;0,00%
MOV.SOC.TRICOLORE;0;0,00%;0;0,00%;0;0,00%;0;0,00%;0;0,00%;0;0,00%;0;0,00%;0;0,00%;0;0,00%;0;0,00%;0;0,00%;0;0,00%;339351;0,70%;0;0,00%;0;0,00%;0;0,00%;0;0,00%;0;0,00%
SOCIALISTA;0;0,00%;0;0,00%;0;0,00%;0;0,00%;0;0,00%;0;0,00%;0;0,00%;0;0,00%;0;0,00%;0;0,00%;0;0,00%;0;0,00%;149441;0,31%;0;0,00%;0;0,00%;0;0,00%;0;0,00%;0;0,00%
LEGA D'AZIONE MERIDIONALE;0;0,00%;0;0,00%;0;0,00%;0;0,00%;0;0,00%;0;0,00%;0;0,00%;0;0,00%;0;0,00%;0;0,00%;53759;0,11%;59873;0,12%;72062;0,15%;23779;0,05%;0;0,00%;0;0,00%;0;0,00%;0;0,00%
UNIONE NORD EST;0;0,00%;0;0,00%;0;0,00%;0;0,00%;0;0,00%;0;0,00%;0;0,00%;0;0,00%;0;0,00%;0;0,00%;0;0,00%;0;0,00%;63934;0,13%;0;0,00%;0;0,00%;0;0,00%;0;0,00%;0;0,00%
UNION FUR SUD TIROL;0;0,00%;0;0,00%;0;0,00%;0;0,00%;0;0,00%;0;0,00%;0;0,00%;0;0,00%;0;0,00%;0;0,00%;0;0,00%;0;0,00%;55548;0,11%;0;0,00%;0;0,00%;12981;0,03%;0;0,00%;0;0,00%
MANI PULITE;0;0,00%;0;0,00%;0;0,00%;0;0,00%;0;0,00%;0;0,00%;0;0,00%;0;0,00%;0;0,00%;0;0,00%;0;0,00%;0;0,00%;44935;0,09%;0;0,00%;0;0,00%;0;0,00%;0;0,00%;0;0,00%
NOI SICILIANI-FNS;0;0,00%;0;0,00%;0;0,00%;0;0,00%;0;0,00%;0;0,00%;0;0,00%;0;0,00%;0;0,00%;0;0,00%;0;0,00%;0;0,00%;41001;0,08%;0;0,00%;0;0,00%;0;0,00%;0;0,00%;0;0,00%
PS D'AZ.;61928;0,21%;27231;0,09%;0;0,00%;0;0,00%;27228;0,08%;0;0,00%;0;0,00%;17673;0,04%;91923;0,21%;169978;0,37%;0;0,00%;0;0,00%;38002;0,08%;0;0,00%;0;0,00%;14860;0,03%;18592;0,04%;0;0,00%
VERDI-VERDI;0;0,00%;0;0,00%;0;0,00%;0;0,00%;0;0,00%;0;0,00%;0;0,00%;0;0,00%;0;0,00%;0;0,00%;25887;0,05%;32832;0,07%;25788;0,05%;18262;0,04%;0;0,00%;0;0,00%;0;0,00%;0;0,00%
SARDIGNA NATZIONE;0;0,00%;0;0,00%;0;0,00%;0;0,00%;0;0,00%;0;0,00%;0;0,00%;0;0,00%;0;0,00%;0;0,00%;0;0,00%;0;0,00%;23355;0,05%;0;0,00%;11000;0,02%;7176;0,01%;0;0,00%;0;0,00%
GR.INDIP.LIBERTA';0;0,00%;0;0,00%;0;0,00%;0;0,00%;0;0,00%;0;0,00%;0;0,00%;0;0,00%;0;0,00%;0;0,00%;0;0,00%;0;0,00%;17451;0,04%;0;0,00%;0;0,00%;0;0,00%;0;0,00%;0;0,00%
AMBIENTALISTI;0;0,00%;0;0,00%;0;0,00%;0;0,00%;0;0,00%;0;0,00%;0;0,00%;0;0,00%;0;0,00%;0;0,00%;0;0,00%;0;0,00%;15560;0,03%;0;0,00%;0;0,00%;0;0,00%;0;0,00%;0;0,00%
PART.UMANISTA;0;0,00%;0;0,00%;0;0,00%;0;0,00%;0;0,00%;0;0,00%;0;0,00%;0;0,00%;0;0,00%;0;0,00%;0;0,00%;0;0,00%;14601;0,03%;0;0,00%;0;0,00%;0;0,00%;0;0,00%;0;0,00%
RINNOVAMENTO;0;0,00%;0;0,00%;0;0,00%;0;0,00%;0;0,00%;0;0,00%;0;0,00%;0;0,00%;0;0,00%;0;0,00%;0;0,00%;6000;0,01%;13677;0,03%;0;0,00%;0;0,00%;0;0,00%;0;0,00%;0;0,00%
PATTO PER L'AGRO;0;0,00%;0;0,00%;0;0,00%;0;0,00%;0;0,00%;0;0,00%;0;0,00%;0;0,00%;0;0,00%;0;0,00%;0;0,00%;0;0,00%;12297;0,03%;0;0,00%;0;0,00%;0;0,00%;0;0,00%;0;0,00%
DEMOCRAZIA SOCIALE;0;0,00%;0;0,00%;0;0,00%;0;0,00%;0;0,00%;0;0,00%;0;0,00%;0;0,00%;0;0,00%;0;0,00%;0;0,00%;0;0,00%;9319;0,02%;0;0,00%;0;0,00%;0;0,00%;0;0,00%;0;0,00%
MOV.RIN.IT.;0;0,00%;0;0,00%;0;0,00%;0;0,00%;0;0,00%;0;0,00%;0;0,00%;0;0,00%;0;0,00%;0;0,00%;0;0,00%;0;0,00%;8886;0,02%;0;0,00%;0;0,00%;0;0,00%;0;0,00%;0;0,00%
MOV.AUT.TOSCANO;0;0,00%;0;0,00%;0;0,00%;0;0,00%;0;0,00%;0;0,00%;0;0,00%;0;0,00%;0;0,00%;0;0,00%;0;0,00%;0;0,00%;8627;0,02%;0;0,00%;0;0,00%;0;0,00%;0;0,00%;0;0,00%
PART.LEGGE NATURALE;0;0,00%;0;0,00%;0;0,00%;0;0,00%;0;0,00%;0;0,00%;0;0,00%;0;0,00%;0;0,00%;0;0,00%;0;0,00%;24554;0,05%;8298;0,02%;0;0,00%;0;0,00%;0;0,00%;0;0,00%;0;0,00%
NUOVA DEMOCRAZIA;0;0,00%;0;0,00%;0;0,00%;0;0,00%;0;0,00%;0;0,00%;0;0,00%;0;0,00%;0;0,00%;0;0,00%;0;0,00%;0;0,00%;8185;0,02%;0;0,00%;0;0,00%;0;0,00%;0;0,00%;0;0,00%
FEDERALISTI LIBERALI;0;0,00%;0;0,00%;0;0,00%;0;0,00%;0;0,00%;0;0,00%;0;0,00%;0;0,00%;0;0,00%;0;0,00%;0;0,00%;0;0,00%;6475;0,01%;0;0,00%;0;0,00%;0;0,00%;0;0,00%;0;0,00%
PER LE MARCHE;0;0,00%;0;0,00%;0;0,00%;0;0,00%;0;0,00%;0;0,00%;0;0,00%;0;0,00%;0;0,00%;0;0,00%;0;0,00%;0;0,00%;5545;0,01%;0;0,00%;0;0,00%;0;0,00%;0;0,00%;0;0,00%
NUOVE ENERGIE;0;0,00%;0;0,00%;0;0,00%;0;0,00%;0;0,00%;0;0,00%;0;0,00%;0;0,00%;0;0,00%;0;0,00%;0;0,00%;0;0,00%;5393;0,01%;0;0,00%;0;0,00%;0;0,00%;0;0,00%;0;0,00%
SVILUPPO-LEGALITA';0;0,00%;0;0,00%;0;0,00%;0;0,00%;0;0,00%;0;0,00%;0;0,00%;0;0,00%;0;0,00%;0;0,00%;0;0,00%;0;0,00%;5347;0,01%;0;0,00%;0;0,00%;0;0,00%;0;0,00%;0;0,00%
NORD LIBERO AUT.;0;0,00%;0;0,00%;0;0,00%;0;0,00%;0;0,00%;0;0,00%;0;0,00%;0;0,00%;0;0,00%;0;0,00%;0;0,00%;0;0,00%;4965;0,01%;0;0,00%;0;0,00%;0;0,00%;0;0,00%;0;0,00%
PART.FEDERAL.;0;0,00%;0;0,00%;0;0,00%;0;0,00%;0;0,00%;0;0,00%;0;0,00%;0;0,00%;0;0,00%;0;0,00%;0;0,00%;0;0,00%;3743;0,01%;0;0,00%;0;0,00%;0;0,00%;0;0,00%;0;0,00%
RISORGIMENTO DEL SUD;0;0,00%;0;0,00%;0;0,00%;0;0,00%;0;0,00%;0;0,00%;0;0,00%;0;0,00%;0;0,00%;0;0,00%;0;0,00%;0;0,00%;3084;0,01%;0;0,00%;0;0,00%;0;0,00%;0;0,00%;0;0,00%
P.POPOLARE ITALIANO;0;0,00%;0;0,00%;0;0,00%;0;0,00%;0;0,00%;0;0,00%;0;0,00%;0;0,00%;0;0,00%;0;0,00%;0;0,00%;4287172;8,91%;0;0,00%;0;0,00%;0;0,00%;0;0,00%;0;0,00%;0;0,00%
PATTO SEGNI;0;0,00%;0;0,00%;0;0,00%;0;0,00%;0;0,00%;0;0,00%;0;0,00%;0;0,00%;0;0,00%;0;0,00%;0;0,00%;1811814;3,76%;0;0,00%;0;0,00%;0;0,00%;0;0,00%;0;0,00%;0;0,00%
LISTA PANNELLA;0;0,00%;0;0,00%;0;0,00%;0;0,00%;0;0,00%;0;0,00%;0;0,00%;0;0,00%;0;0,00%;0;0,00%;485694;1,02%;1359283;2,82%;0;0,00%;0;0,00%;0;0,00%;0;0,00%;0;0,00%;0;0,00%
PSI;0;0,00%;3441014;11,37%;4206726;12,97%;4255836;12,44%;0;0,00%;3208497;8,66%;3540309;8,76%;3596802;8,52%;4223362;9,49%;5501696;12,04%;5343930;11,25%;849429;1,76%;0;0,00%;0;0,00%;0;0,00%;0;0,00%;0;0,00%;0;0,00%
LA RETE-MOV.DEM.;0;0,00%;0;0,00%;0;0,00%;0;0,00%;0;0,00%;0;0,00%;0;0,00%;0;0,00%;0;0,00%;0;0,00%;730171;1,54%;719841;1,50%;0;0,00%;0;0,00%;0;0,00%;0;0,00%;0;0,00%;0;0,00%
ALLEANZA DEMOCRATICA;0;0,00%;0;0,00%;0;0,00%;0;0,00%;0;0,00%;0;0,00%;0;0,00%;0;0,00%;0;0,00%;0;0,00%;0;0,00%;456114;0,95%;0;0,00%;0;0,00%;0;0,00%;0;0,00%;0;0,00%;0;0,00%
SVP;0;0,00%;0;0,00%;0;0,00%;0;0,00%;0;0,00%;0;0,00%;0;0,00%;0;0,00%;0;0,00%;0;0,00%;0;0,00%;231842;0,48%;0;0,00%;200059;0,41%;186641,3572;0,37%;147718;0,30%;146800;0,29%;0;0,00%
SOCIALDEMOCRAZIA;0;0,00%;0;0,00%;0;0,00%;0;0,00%;100212;0,28%;0;0,00%;0;0,00%;0;0,00%;0;0,00%;0;0,00%;0;0,00%;179495;0,37%;0;0,00%;0;0,00%;0;0,00%;0;0,00%;0;0,00%;0;0,00%
PROGRAMMA ITALIA;0;0,00%;0;0,00%;0;0,00%;0;0,00%;0;0,00%;0;0,00%;0;0,00%;0;0,00%;0;0,00%;0;0,00%;0;0,00%;151328;0,31%;0;0,00%;0;0,00%;0;0,00%;0;0,00%;0;0,00%;0;0,00%
LEGA ALPINA LUMBARDA;0;0,00%;0;0,00%;0;0,00%;0;0,00%;0;0,00%;0;0,00%;0;0,00%;0;0,00%;0;0,00%;0;0,00%;0;0,00%;136782;0,28%;0;0,00%;0;0,00%;0;0,00%;0;0,00%;0;0,00%;0;0,00%
LEGA AUT.VENETA;0;0,00%;0;0,00%;0;0,00%;0;0,00%;0;0,00%;0;0,00%;0;0,00%;0;0,00%;0;0,00%;0;0,00%;152301;0,32%;103764;0,22%;0;0,00%;0;0,00%;0;0,00%;0;0,00%;0;0,00%;0;0,00%
UN.POP.;0;0,00%;0;0,00%;0;0,00%;0;0,00%;0;0,00%;0;0,00%;0;0,00%;0;0,00%;0;0,00%;0;0,00%;0;0,00%;36343;0,08%;0;0,00%;0;0,00%;0;0,00%;0;0,00%;0;0,00%;0;0,00%
SOLID.OCCUPAZ.SVILUP;0;0,00%;0;0,00%;0;0,00%;0;0,00%;0;0,00%;0;0,00%;0;0,00%;0;0,00%;0;0,00%;0;0,00%;0;0,00%;32653;0,07%;0;0,00%;0;0,00%;0;0,00%;0;0,00%;0;0,00%;0;0,00%
PARTIDU INDIP.;0;0,00%;0;0,00%;0;0,00%;0;0,00%;0;0,00%;0;0,00%;0;0,00%;0;0,00%;0;0,00%;9958;0,02%;0;0,00%;24043;0,05%;0;0,00%;0;0,00%;0;0,00%;0;0,00%;0;0,00%;0;0,00%
UNIONE DEM.ITALIANA;0;0,00%;0;0,00%;0;0,00%;0;0,00%;0;0,00%;0;0,00%;0;0,00%;0;0,00%;0;0,00%;0;0,00%;0;0,00%;20227;0,04%;0;0,00%;0;0,00%;0;0,00%;0;0,00%;0;0,00%;0;0,00%
UN.CRIST.RIF.;0;0,00%;0;0,00%;0;0,00%;0;0,00%;0;0,00%;0;0,00%;0;0,00%;0;0,00%;0;0,00%;0;0,00%;0;0,00%;15844;0,03%;0;0,00%;0;0,00%;0;0,00%;0;0,00%;0;0,00%;0;0,00%
PATTO SOLIDARIETA';0;0,00%;0;0,00%;0;0,00%;0;0,00%;0;0,00%;0;0,00%;0;0,00%;0;0,00%;0;0,00%;0;0,00%;0;0,00%;15671;0,03%;0;0,00%;0;0,00%;0;0,00%;0;0,00%;0;0,00%;0;0,00%
LG.ANGELA BOSSI;0;0,00%;0;0,00%;0;0,00%;0;0,00%;0;0,00%;0;0,00%;0;0,00%;0;0,00%;0;0,00%;0;0,00%;0;0,00%;15234;0,03%;0;0,00%;0;0,00%;0;0,00%;0;0,00%;0;0,00%;0;0,00%
LEGA PER IL PIEMONTE;0;0,00%;0;0,00%;0;0,00%;0;0,00%;0;0,00%;0;0,00%;0;0,00%;0;0,00%;0;0,00%;0;0,00%;0;0,00%;15118;0,03%;0;0,00%;0;0,00%;0;0,00%;0;0,00%;0;0,00%;0;0,00%
ALL.MERIDIONALE;0;0,00%;0;0,00%;0;0,00%;0;0,00%;0;0,00%;0;0,00%;0;0,00%;0;0,00%;0;0,00%;0;0,00%;0;0,00%;14993;0,03%;0;0,00%;0;0,00%;0;0,00%;0;0,00%;0;0,00%;0;0,00%
ADA;0;0,00%;0;0,00%;0;0,00%;0;0,00%;0;0,00%;0;0,00%;0;0,00%;0;0,00%;0;0,00%;0;0,00%;0;0,00%;12898;0,03%;0;0,00%;0;0,00%;0;0,00%;0;0,00%;0;0,00%;0;0,00%
ALL.POP.;0;0,00%;0;0,00%;0;0,00%;0;0,00%;0;0,00%;0;0,00%;0;0,00%;0;0,00%;0;0,00%;25339;0,06%;0;0,00%;12827;0,03%;0;0,00%;0;0,00%;0;0,00%;0;0,00%;0;0,00%;0;0,00%
L'ARCA;0;0,00%;0;0,00%;0;0,00%;0;0,00%;0;0,00%;0;0,00%;0;0,00%;0;0,00%;0;0,00%;0;0,00%;0;0,00%;12053;0,03%;0;0,00%;0;0,00%;0;0,00%;0;0,00%;0;0,00%;0;0,00%
RIN.SALENTINA;0;0,00%;0;0,00%;0;0,00%;0;0,00%;0;0,00%;0;0,00%;0;0,00%;0;0,00%;0;0,00%;0;0,00%;0;0,00%;11479;0,02%;0;0,00%;0;0,00%;0;0,00%;0;0,00%;0;0,00%;0;0,00%
INIZIATIVA POP.DEM.;0;0,00%;0;0,00%;0;0,00%;0;0,00%;0;0,00%;0;0,00%;0;0,00%;0;0,00%;0;0,00%;0;0,00%;0;0,00%;11247;0,02%;0;0,00%;0;0,00%;0;0,00%;0;0,00%;0;0,00%;0;0,00%
MOV.CRIST.DEM.;0;0,00%;0;0,00%;0;0,00%;0;0,00%;0;0,00%;0;0,00%;0;0,00%;0;0,00%;0;0,00%;0;0,00%;0;0,00%;11036;0,02%;0;0,00%;0;0,00%;0;0,00%;0;0,00%;0;0,00%;0;0,00%
SOLID.PROGRESSO;0;0,00%;0;0,00%;0;0,00%;0;0,00%;0;0,00%;0;0,00%;0;0,00%;0;0,00%;0;0,00%;0;0,00%;0;0,00%;10310;0,02%;0;0,00%;0;0,00%;0;0,00%;0;0,00%;0;0,00%;0;0,00%
INSIEME PER SVILUPPO;0;0,00%;0;0,00%;0;0,00%;0;0,00%;0;0,00%;0;0,00%;0;0,00%;0;0,00%;0;0,00%;0;0,00%;0;0,00%;10282;0,02%;0;0,00%;0;0,00%;0;0,00%;0;0,00%;0;0,00%;0;0,00%
LISTA FRANCO GRECO;0;0,00%;0;0,00%;0;0,00%;0;0,00%;0;0,00%;0;0,00%;0;0,00%;0;0,00%;0;0,00%;0;0,00%;0;0,00%;10241;0,02%;0;0,00%;0;0,00%;0;0,00%;0;0,00%;0;0,00%;0;0,00%
RINASCITA SOCIALISTA;0;0,00%;0;0,00%;0;0,00%;0;0,00%;0;0,00%;0;0,00%;0;0,00%;0;0,00%;0;0,00%;0;0,00%;0;0,00%;10070;0,02%;0;0,00%;0;0,00%;0;0,00%;0;0,00%;0;0,00%;0;0,00%
DEM.E SOLIDARIETA';0;0,00%;0;0,00%;0;0,00%;0;0,00%;0;0,00%;0;0,00%;0;0,00%;0;0,00%;0;0,00%;0;0,00%;0;0,00%;9546;0,02%;0;0,00%;0;0,00%;0;0,00%;0;0,00%;0;0,00%;0;0,00%
UNIONE MEDITERRANEA;0;0,00%;0;0,00%;0;0,00%;0;0,00%;0;0,00%;0;0,00%;0;0,00%;0;0,00%;0;0,00%;0;0,00%;0;0,00%;9079;0,02%;0;0,00%;0;0,00%;0;0,00%;0;0,00%;0;0,00%;0;0,00%
MOV.MERIDIONALE;0;0,00%;0;0,00%;0;0,00%;0;0,00%;0;0,00%;0;0,00%;0;0,00%;0;0,00%;0;0,00%;0;0,00%;0;0,00%;8700;0,02%;0;0,00%;0;0,00%;0;0,00%;0;0,00%;0;0,00%;0;0,00%
DEMOCRAZIA SICILIANA;0;0,00%;0;0,00%;0;0,00%;0;0,00%;0;0,00%;0;0,00%;0;0,00%;0;0,00%;0;0,00%;0;0,00%;0;0,00%;8584;0,02%;0;0,00%;0;0,00%;0;0,00%;0;0,00%;0;0,00%;0;0,00%
MOV.CATTOLICO DEM.;0;0,00%;0;0,00%;0;0,00%;0;0,00%;0;0,00%;0;0,00%;0;0,00%;0;0,00%;0;0,00%;0;0,00%;0;0,00%;8348;0,02%;0;0,00%;0;0,00%;0;0,00%;0;0,00%;0;0,00%;0;0,00%
RIFORMISTI IRPINI;0;0,00%;0;0,00%;0;0,00%;0;0,00%;0;0,00%;0;0,00%;0;0,00%;0;0,00%;0;0,00%;0;0,00%;0;0,00%;8338;0,02%;0;0,00%;0;0,00%;0;0,00%;0;0,00%;0;0,00%;0;0,00%
P.DEM.;0;0,00%;0;0,00%;0;0,00%;0;0,00%;0;0,00%;0;0,00%;2797;0,01%;3108;0,01%;0;0,00%;0;0,00%;0;0,00%;7675;0,02%;0;0,00%;0;0,00%;0;0,00%;0;0,00%;0;0,00%;0;0,00%
UNIONE POP.;0;0,00%;0;0,00%;0;0,00%;0;0,00%;0;0,00%;0;0,00%;0;0,00%;0;0,00%;0;0,00%;0;0,00%;0;0,00%;7673;0,02%;0;0,00%;0;0,00%;0;0,00%;0;0,00%;1475;0,00%;0;0,00%
ALL.MUNICIPALITA';0;0,00%;0;0,00%;0;0,00%;0;0,00%;0;0,00%;0;0,00%;0;0,00%;0;0,00%;0;0,00%;0;0,00%;0;0,00%;7432;0,02%;0;0,00%;0;0,00%;0;0,00%;0;0,00%;0;0,00%;0;0,00%
UTOPIA;0;0,00%;0;0,00%;0;0,00%;0;0,00%;0;0,00%;0;0,00%;0;0,00%;0;0,00%;0;0,00%;0;0,00%;0;0,00%;6951;0,01%;0;0,00%;0;0,00%;0;0,00%;0;0,00%;0;0,00%;0;0,00%
MOV.REP.;0;0,00%;0;0,00%;0;0,00%;0;0,00%;0;0,00%;0;0,00%;0;0,00%;0;0,00%;0;0,00%;0;0,00%;0;0,00%;6616;0,01%;0;0,00%;0;0,00%;0;0,00%;0;0,00%;0;0,00%;0;0,00%
MOV.CRIST.VERITAS;0;0,00%;0;0,00%;0;0,00%;0;0,00%;0;0,00%;0;0,00%;0;0,00%;0;0,00%;0;0,00%;0;0,00%;0;0,00%;6404;0,01%;0;0,00%;0;0,00%;0;0,00%;0;0,00%;0;0,00%;0;0,00%
RIN.DEMOCRATICO;0;0,00%;0;0,00%;0;0,00%;0;0,00%;0;0,00%;0;0,00%;0;0,00%;0;0,00%;0;0,00%;0;0,00%;0;0,00%;5600;0,01%;0;0,00%;0;0,00%;0;0,00%;0;0,00%;0;0,00%;0;0,00%
CENTRO DEMOCRATICO;0;0,00%;0;0,00%;0;0,00%;0;0,00%;0;0,00%;0;0,00%;0;0,00%;0;0,00%;0;0,00%;0;0,00%;0;0,00%;4911;0,01%;0;0,00%;0;0,00%;0;0,00%;0;0,00%;167328;0,33%;0;0,00%
LIBERAL DEM.EUROPEI;0;0,00%;0;0,00%;0;0,00%;0;0,00%;0;0,00%;0;0,00%;0;0,00%;0;0,00%;0;0,00%;0;0,00%;0;0,00%;4633;0,01%;0;0,00%;0;0,00%;0;0,00%;0;0,00%;0;0,00%;0;0,00%
INSIEME PER CAMBIARE;0;0,00%;0;0,00%;0;0,00%;0;0,00%;0;0,00%;0;0,00%;0;0,00%;0;0,00%;0;0,00%;0;0,00%;0;0,00%;4588;0,01%;0;0,00%;0;0,00%;0;0,00%;0;0,00%;0;0,00%;0;0,00%
P.POP.PROGRESSISTA;0;0,00%;0;0,00%;0;0,00%;0;0,00%;0;0,00%;0;0,00%;0;0,00%;0;0,00%;0;0,00%;0;0,00%;0;0,00%;4554;0,01%;0;0,00%;0;0,00%;0;0,00%;0;0,00%;0;0,00%;0;0,00%
MEDITERRANEO;0;0,00%;0;0,00%;0;0,00%;0;0,00%;0;0,00%;0;0,00%;0;0,00%;0;0,00%;0;0,00%;0;0,00%;0;0,00%;3867;0,01%;0;0,00%;0;0,00%;0;0,00%;0;0,00%;0;0,00%;0;0,00%
MOV.LIBERALDEM.SOC.;0;0,00%;0;0,00%;0;0,00%;0;0,00%;0;0,00%;0;0,00%;0;0,00%;0;0,00%;0;0,00%;0;0,00%;0;0,00%;3429;0,01%;0;0,00%;0;0,00%;0;0,00%;0;0,00%;0;0,00%;0;0,00%
MOV.POP.CRIST.;0;0,00%;0;0,00%;0;0,00%;0;0,00%;0;0,00%;0;0,00%;0;0,00%;1921;0,00%;1607;0,00%;0;0,00%;0;0,00%;3390;0,01%;0;0,00%;0;0,00%;0;0,00%;0;0,00%;0;0,00%;0;0,00%
ALL.PROGRAMMA;0;0,00%;0;0,00%;0;0,00%;0;0,00%;0;0,00%;0;0,00%;0;0,00%;0;0,00%;0;0,00%;0;0,00%;0;0,00%;3388;0,01%;0;0,00%;0;0,00%;0;0,00%;0;0,00%;0;0,00%;0;0,00%
MOV.EUR.LIB.CRIST.;0;0,00%;0;0,00%;0;0,00%;0;0,00%;0;0,00%;0;0,00%;0;0,00%;0;0,00%;0;0,00%;0;0,00%;0;0,00%;2745;0,01%;0;0,00%;0;0,00%;0;0,00%;0;0,00%;0;0,00%;0;0,00%
ALL.PER I CASTELLI;0;0,00%;0;0,00%;0;0,00%;0;0,00%;0;0,00%;0;0,00%;0;0,00%;0;0,00%;0;0,00%;0;0,00%;0;0,00%;2737;0,01%;0;0,00%;0;0,00%;0;0,00%;0;0,00%;0;0,00%;0;0,00%
AUTONOMIA SOCIALISTA;0;0,00%;0;0,00%;0;0,00%;0;0,00%;0;0,00%;0;0,00%;0;0,00%;0;0,00%;0;0,00%;0;0,00%;0;0,00%;2720;0,01%;0;0,00%;0;0,00%;0;0,00%;0;0,00%;0;0,00%;0;0,00%
IDEA CITTA';0;0,00%;0;0,00%;0;0,00%;0;0,00%;0;0,00%;0;0,00%;0;0,00%;0;0,00%;0;0,00%;0;0,00%;0;0,00%;2695;0,01%;0;0,00%;0;0,00%;0;0,00%;0;0,00%;0;0,00%;0;0,00%
CENTRO CRIST.DEM.;0;0,00%;0;0,00%;0;0,00%;0;0,00%;0;0,00%;0;0,00%;0;0,00%;0;0,00%;0;0,00%;0;0,00%;0;0,00%;2646;0,01%;0;0,00%;0;0,00%;0;0,00%;0;0,00%;0;0,00%;0;0,00%
DEM.E RINNOVAMENTO;0;0,00%;0;0,00%;0;0,00%;0;0,00%;0;0,00%;0;0,00%;0;0,00%;0;0,00%;0;0,00%;0;0,00%;0;0,00%;2576;0,01%;0;0,00%;0;0,00%;0;0,00%;0;0,00%;0;0,00%;0;0,00%
DC;12740042;43,75%;10862073;35,88%;12520207;38,60%;11773182;34,43%;12437848;34,97%;12912466;34,85%;14209519;35,15%;14046290;33,28%;12153081;27,29%;13233620;28,96%;11640265;24,51%;0;0,00%;0;0,00%;0;0,00%;0;0,00%;0;0,00%;0;0,00%;0;0,00%
FR.DEMOCR.POPOLARE;8136637;27,94%;0;0,00%;0;0,00%;0;0,00%;0;0,00%;0;0,00%;0;0,00%;0;0,00%;0;0,00%;0;0,00%;0;0,00%;0;0,00%;0;0,00%;0;0,00%;0;0,00%;0;0,00%;0;0,00%;0;0,00%
UNITA' SOCIALISTA;1858116;6,38%;0;0,00%;0;0,00%;0;0,00%;0;0,00%;0;0,00%;0;0,00%;0;0,00%;0;0,00%;0;0,00%;0;0,00%;0;0,00%;0;0,00%;0;0,00%;0;0,00%;0;0,00%;0;0,00%;0;0,00%
BLOCCO NAZIONALE;1003727;3,45%;0;0,00%;0;0,00%;0;0,00%;0;0,00%;0;0,00%;0;0,00%;0;0,00%;0;0,00%;0;0,00%;0;0,00%;0;0,00%;0;0,00%;0;0,00%;0;0,00%;0;0,00%;0;0,00%;0;0,00%
P.NAZ.MON.ALL.D.LAV.;729078;2,50%;0;0,00%;0;0,00%;0;0,00%;0;0,00%;0;0,00%;0;0,00%;0;0,00%;0;0,00%;0;0,00%;0;0,00%;0;0,00%;0;0,00%;0;0,00%;0;0,00%;0;0,00%;0;0,00%;0;0,00%
PRI;651875;2,24%;438149;1,45%;0;0,00%;420213;1,23%;626533;1,76%;954357;2,58%;1135546;2,81%;1110209;2,63%;1874512;4,21%;1428663;3,13%;1722465;3,63%;0;0,00%;0;0,00%;0;0,00%;0;0,00%;0;0,00%;6910;0,01%;0;0,00%
MSI;526882;1,81%;1582154;5,23%;1407718;4,34%;1570282;4,59%;1414036;3,98%;2894722;7,81%;0;0,00%;0;0,00%;0;0,00%;0;0,00%;0;0,00%;0;0,00%;0;0,00%;0;0,00%;0;0,00%;0;0,00%;0;0,00%;0;0,00%
PPST;124243;0,43%;122474;0,40%;135491;0,42%;135457;0,40%;152991;0,43%;153674;0,41%;184375;0,46%;204899;0,49%;184940;0,42%;202022;0,44%;198447;0,42%;0;0,00%;0;0,00%;0;0,00%;0;0,00%;0;0,00%;0;0,00%;0;0,00%
P.CONTADINI D'ITALIA;95914;0,33%;0;0,00%;0;0,00%;0;0,00%;0;0,00%;0;0,00%;0;0,00%;0;0,00%;0;0,00%;0;0,00%;0;0,00%;0;0,00%;0;0,00%;0;0,00%;0;0,00%;0;0,00%;0;0,00%;0;0,00%
PARTITO CRISTIANO SOCIALE;72854;0,25%;0;0,00%;0;0,00%;0;0,00%;0;0,00%;0;0,00%;0;0,00%;0;0,00%;0;0,00%;0;0,00%;0;0,00%;0;0,00%;0;0,00%;0;0,00%;0;0,00%;0;0,00%;0;0,00%;0;0,00%
MOV.NAZ.DEM.SOC.;56096;0,19%;0;0,00%;0;0,00%;0;0,00%;0;0,00%;0;0,00%;0;0,00%;0;0,00%;0;0,00%;0;0,00%;0;0,00%;0;0,00%;0;0,00%;0;0,00%;0;0,00%;0;0,00%;0;0,00%;0;0,00%
UN.MOV.FEDERALISTI;52655;0,18%;0;0,00%;0;0,00%;0;0,00%;0;0,00%;0;0,00%;0;0,00%;0;0,00%;0;0,00%;0;0,00%;0;0,00%;0;0,00%;0;0,00%;0;0,00%;0;0,00%;0;0,00%;0;0,00%;0;0,00%
BLOCCO POP.UNIONISTA;35899;0,12%;0;0,00%;0;0,00%;0;0,00%;0;0,00%;0;0,00%;0;0,00%;0;0,00%;0;0,00%;0;0,00%;0;0,00%;0;0,00%;0;0,00%;0;0,00%;0;0,00%;0;0,00%;0;0,00%;0;0,00%
PC.INTERNAZIONALISTA;20736;0,07%;0;0,00%;0;0,00%;0;0,00%;0;0,00%;0;0,00%;0;0,00%;0;0,00%;0;0,00%;0;0,00%;0;0,00%;0;0,00%;0;0,00%;0;0,00%;0;0,00%;0;0,00%;0;0,00%;0;0,00%
FR.DEM.PROG.REPUB.;14482;0,05%;0;0,00%;0;0,00%;0;0,00%;0;0,00%;0;0,00%;0;0,00%;0;0,00%;0;0,00%;0;0,00%;0;0,00%;0;0,00%;0;0,00%;0;0,00%;0;0,00%;0;0,00%;0;0,00%;0;0,00%
CONC.NAZ.COMBAT.UNIT;11396;0,04%;0;0,00%;0;0,00%;0;0,00%;0;0,00%;0;0,00%;0;0,00%;0;0,00%;0;0,00%;0;0,00%;0;0,00%;0;0,00%;0;0,00%;0;0,00%;0;0,00%;0;0,00%;0;0,00%;0;0,00%
ALTRE LISTE;10545;0,04%;0;0,00%;0;0,00%;0;0,00%;0;0,00%;0;0,00%;0;0,00%;0;0,00%;0;0,00%;0;0,00%;59396;0,13%;0;0,00%;0;0,00%;0;0,00%;0;0,00%;0;0,00%;0;0,00%;0;0,00%
P.DEMOLABURISTA IT.;10002;0,03%;0;0,00%;0;0,00%;0;0,00%;0;0,00%;0;0,00%;0;0,00%;0;0,00%;0;0,00%;0;0,00%;0;0,00%;0;0,00%;0;0,00%;0;0,00%;0;0,00%;0;0,00%;0;0,00%;0;0,00%
P.DEM.IND.PENSIONATI;8125;0,03%;0;0,00%;0;0,00%;0;0,00%;0;0,00%;0;0,00%;0;0,00%;0;0,00%;0;0,00%;0;0,00%;0;0,00%;0;0,00%;0;0,00%;0;0,00%;0;0,00%;0;0,00%;0;0,00%;0;0,00%
P.INDIPENDENTE CONTADINI;6733;0,02%;0;0,00%;0;0,00%;0;0,00%;0;0,00%;0;0,00%;0;0,00%;0;0,00%;0;0,00%;0;0,00%;0;0,00%;0;0,00%;0;0,00%;0;0,00%;0;0,00%;0;0,00%;0;0,00%;0;0,00%
FR.DEGLI ITALIANI;5481;0,02%;0;0,00%;0;0,00%;0;0,00%;0;0,00%;0;0,00%;0;0,00%;0;0,00%;0;0,00%;0;0,00%;0;0,00%;0;0,00%;0;0,00%;0;0,00%;0;0,00%;0;0,00%;0;0,00%;0;0,00%
GR.POL.LA DESTRA;4300;0,01%;0;0,00%;0;0,00%;0;0,00%;0;0,00%;0;0,00%;0;0,00%;0;0,00%;0;0,00%;0;0,00%;0;0,00%;0;0,00%;0;0,00%;0;0,00%;0;0,00%;0;0,00%;0;0,00%;0;0,00%
AS.NAZ.CONG.DIS.GUER;3707;0,01%;0;0,00%;0;0,00%;0;0,00%;0;0,00%;0;0,00%;0;0,00%;0;0,00%;0;0,00%;0;0,00%;0;0,00%;0;0,00%;0;0,00%;0;0,00%;0;0,00%;0;0,00%;0;0,00%;0;0,00%
P.PATRIA E LIBERTA';3178;0,01%;0;0,00%;0;0,00%;0;0,00%;0;0,00%;0;0,00%;0;0,00%;0;0,00%;0;0,00%;0;0,00%;0;0,00%;0;0,00%;0;0,00%;0;0,00%;0;0,00%;0;0,00%;0;0,00%;0;0,00%
CONC.RUR.IND.AOSTA;2906;0,01%;0;0,00%;0;0,00%;0;0,00%;0;0,00%;0;0,00%;0;0,00%;0;0,00%;0;0,00%;0;0,00%;0;0,00%;0;0,00%;0;0,00%;0;0,00%;0;0,00%;0;0,00%;0;0,00%;0;0,00%
FR.ANTIBOLSCEVICO IT;2756;0,01%;0;0,00%;0;0,00%;0;0,00%;0;0,00%;0;0,00%;0;0,00%;0;0,00%;0;0,00%;0;0,00%;0;0,00%;0;0,00%;0;0,00%;0;0,00%;0;0,00%;0;0,00%;0;0,00%;0;0,00%
UN.SOCIAL.INDIP.;2637;0,01%;225409;0,74%;0;0,00%;0;0,00%;0;0,00%;0;0,00%;0;0,00%;0;0,00%;0;0,00%;0;0,00%;0;0,00%;0;0,00%;0;0,00%;0;0,00%;0;0,00%;0;0,00%;0;0,00%;0;0,00%
RAGGRUP.POP.ITALIANO;2191;0,01%;0;0,00%;0;0,00%;0;0,00%;0;0,00%;0;0,00%;0;0,00%;0;0,00%;0;0,00%;0;0,00%;0;0,00%;0;0,00%;0;0,00%;0;0,00%;0;0,00%;0;0,00%;0;0,00%;0;0,00%
FR.UN.ANTICOM.RIS.N.;2091;0,01%;0;0,00%;0;0,00%;0;0,00%;0;0,00%;0;0,00%;0;0,00%;0;0,00%;0;0,00%;0;0,00%;0;0,00%;0;0,00%;0;0,00%;0;0,00%;0;0,00%;0;0,00%;0;0,00%;0;0,00%
MAGLIO;1642;0,01%;0;0,00%;0;0,00%;0;0,00%;0;0,00%;0;0,00%;0;0,00%;0;0,00%;0;0,00%;0;0,00%;0;0,00%;0;0,00%;0;0,00%;0;0,00%;0;0,00%;0;0,00%;0;0,00%;0;0,00%
CONF.IT.LIBERI SIND.;1531;0,01%;0;0,00%;0;0,00%;0;0,00%;0;0,00%;0;0,00%;0;0,00%;0;0,00%;0;0,00%;0;0,00%;0;0,00%;0;0,00%;0;0,00%;0;0,00%;0;0,00%;0;0,00%;0;0,00%;0;0,00%
M.NAZ.SIN.DAN.GUERRA;1179;0,00%;0;0,00%;0;0,00%;0;0,00%;0;0,00%;0;0,00%;0;0,00%;0;0,00%;0;0,00%;0;0,00%;0;0,00%;0;0,00%;0;0,00%;0;0,00%;0;0,00%;0;0,00%;0;0,00%;0;0,00%
LEGA SARDA;1117;0,00%;0;0,00%;0;0,00%;0;0,00%;0;0,00%;0;0,00%;0;0,00%;0;0,00%;0;0,00%;0;0,00%;0;0,00%;0;0,00%;0;0,00%;0;0,00%;0;0,00%;0;0,00%;0;0,00%;0;0,00%
M.CAT.IND.PAX JUSTIT;961;0,00%;0;0,00%;0;0,00%;0;0,00%;0;0,00%;0;0,00%;0;0,00%;0;0,00%;0;0,00%;0;0,00%;0;0,00%;0;0,00%;0;0,00%;0;0,00%;0;0,00%;0;0,00%;0;0,00%;0;0,00%
P.ESISTENZIALISTA IT;816;0,00%;0;0,00%;0;0,00%;0;0,00%;0;0,00%;0;0,00%;0;0,00%;0;0,00%;0;0,00%;0;0,00%;0;0,00%;0;0,00%;0;0,00%;0;0,00%;0;0,00%;0;0,00%;0;0,00%;0;0,00%
PCI;0;0,00%;6120809;20,22%;6704454;20,67%;7767601;22,71%;8551347;24,04%;9068961;24,48%;12614650;31,20%;11139231;26,39%;11032318;24,78%;10250644;22,43%;0;0,00%;0;0,00%;0;0,00%;0;0,00%;0;0,00%;0;0,00%;0;0,00%;0;0,00%
P.NAZ.MONARCHICO;0;0,00%;1854850;6,13%;659997;2,03%;0;0,00%;0;0,00%;0;0,00%;0;0,00%;0;0,00%;0;0,00%;0;0,00%;0;0,00%;0;0,00%;0;0,00%;0;0,00%;0;0,00%;0;0,00%;0;0,00%;0;0,00%
PSDI;0;0,00%;1222957;4,04%;1345447;4,15%;1876271;5,49%;0;0,00%;1718142;4,64%;1239492;3,07%;1407535;3,34%;1508234;3,39%;1140209;2,50%;1064647;2,24%;0;0,00%;0;0,00%;0;0,00%;0;0,00%;0;0,00%;0;0,00%;0;0,00%
PLI;0;0,00%;815929;2,70%;1047081;3,23%;2144270;6,27%;1850650;5,20%;1300439;3,51%;480122;1,19%;712646;1,69%;1066980;2,40%;809946;1,77%;1121264;2,36%;0;0,00%;0;0,00%;0;0,00%;0;0,00%;0;0,00%;0;0,00%;0;0,00%
UNITA'POPOLARE;0;0,00%;171099;0,57%;0;0,00%;0;0,00%;0;0,00%;0;0,00%;0;0,00%;0;0,00%;0;0,00%;0;0,00%;0;0,00%;0;0,00%;0;0,00%;0;0,00%;0;0,00%;0;0,00%;0;0,00%;0;0,00%
ALL.DEMOC.NAZIONALE;0;0,00%;120685;0,40%;0;0,00%;0;0,00%;0;0,00%;0;0,00%;0;0,00%;0;0,00%;0;0,00%;0;0,00%;0;0,00%;0;0,00%;0;0,00%;0;0,00%;0;0,00%;0;0,00%;0;0,00%;0;0,00%
IND.SIN.;0;0,00%;21920;0,07%;0;0,00%;0;0,00%;0;0,00%;0;0,00%;0;0,00%;0;0,00%;0;0,00%;0;0,00%;0;0,00%;0;0,00%;0;0,00%;0;0,00%;0;0,00%;0;0,00%;0;0,00%;0;0,00%
CENTRO POLITICO IT.;0;0,00%;14493;0,05%;0;0,00%;0;0,00%;0;0,00%;0;0,00%;0;0,00%;0;0,00%;0;0,00%;0;0,00%;0;0,00%;0;0,00%;0;0,00%;0;0,00%;0;0,00%;0;0,00%;0;0,00%;0;0,00%
P.MONARCHICO NAZ.IT.;0;0,00%;8089;0,03%;0;0,00%;0;0,00%;0;0,00%;0;0,00%;0;0,00%;0;0,00%;0;0,00%;0;0,00%;0;0,00%;0;0,00%;0;0,00%;0;0,00%;0;0,00%;0;0,00%;0;0,00%;0;0,00%
LISTA MONARCHICA;0;0,00%;6759;0,02%;0;0,00%;0;0,00%;0;0,00%;0;0,00%;0;0,00%;0;0,00%;0;0,00%;0;0,00%;0;0,00%;0;0,00%;0;0,00%;0;0,00%;0;0,00%;0;0,00%;0;0,00%;0;0,00%
UN.NAZ.DEM.IMP.PUB.;0;0,00%;6581;0,02%;0;0,00%;0;0,00%;0;0,00%;0;0,00%;0;0,00%;0;0,00%;0;0,00%;0;0,00%;0;0,00%;0;0,00%;0;0,00%;0;0,00%;0;0,00%;0;0,00%;0;0,00%;0;0,00%
P.NETTISTA ITALIANO;0;0,00%;4305;0,01%;0;0,00%;0;0,00%;0;0,00%;0;0,00%;0;0,00%;0;0,00%;0;0,00%;0;0,00%;0;0,00%;0;0,00%;0;0,00%;0;0,00%;0;0,00%;0;0,00%;0;0,00%;0;0,00%
P.RADICAL SOCIALISTA;0;0,00%;3283;0,01%;0;0,00%;0;0,00%;0;0,00%;0;0,00%;0;0,00%;0;0,00%;0;0,00%;0;0,00%;0;0,00%;0;0,00%;0;0,00%;0;0,00%;0;0,00%;0;0,00%;0;0,00%;0;0,00%
P.NAZIONALI FEDERATI;0;0,00%;2895;0,01%;0;0,00%;0;0,00%;0;0,00%;0;0,00%;0;0,00%;0;0,00%;0;0,00%;0;0,00%;0;0,00%;0;0,00%;0;0,00%;0;0,00%;0;0,00%;0;0,00%;0;0,00%;0;0,00%
MOV.SOC.CRISTIANO;0;0,00%;2799;0,01%;0;0,00%;0;0,00%;0;0,00%;0;0,00%;0;0,00%;0;0,00%;0;0,00%;0;0,00%;0;0,00%;0;0,00%;0;0,00%;0;0,00%;0;0,00%;0;0,00%;0;0,00%;0;0,00%
M.FEMMINILE IT.;0;0,00%;1752;0,01%;0;0,00%;0;0,00%;0;0,00%;0;0,00%;0;0,00%;0;0,00%;0;0,00%;0;0,00%;0;0,00%;0;0,00%;0;0,00%;0;0,00%;0;0,00%;0;0,00%;0;0,00%;0;0,00%
PPTT;0;0,00%;1714;0,01%;0;0,00%;0;0,00%;0;0,00%;0;0,00%;0;0,00%;0;0,00%;18656;0,04%;0;0,00%;0;0,00%;0;0,00%;0;0,00%;0;0,00%;0;0,00%;0;0,00%;0;0,00%;0;0,00%
P.CRIST.MILITANTE;0;0,00%;1473;0,00%;0;0,00%;0;0,00%;0;0,00%;0;0,00%;0;0,00%;0;0,00%;0;0,00%;0;0,00%;0;0,00%;0;0,00%;0;0,00%;0;0,00%;0;0,00%;0;0,00%;0;0,00%;0;0,00%
MOV.NAZIONALE IT.;0;0,00%;1257;0,00%;1499;0,00%;0;0,00%;0;0,00%;0;0,00%;0;0,00%;0;0,00%;0;0,00%;0;0,00%;0;0,00%;0;0,00%;0;0,00%;0;0,00%;0;0,00%;0;0,00%;0;0,00%;0;0,00%
P.UN.SOCIALE IT.;0;0,00%;1101;0,00%;0;0,00%;0;0,00%;0;0,00%;0;0,00%;0;0,00%;0;0,00%;0;0,00%;0;0,00%;0;0,00%;0;0,00%;0;0,00%;0;0,00%;0;0,00%;0;0,00%;0;0,00%;0;0,00%
P.VOLONTA'NAZIONALE;0;0,00%;1010;0,00%;0;0,00%;0;0,00%;0;0,00%;0;0,00%;0;0,00%;0;0,00%;0;0,00%;0;0,00%;0;0,00%;0;0,00%;0;0,00%;0;0,00%;0;0,00%;0;0,00%;0;0,00%;0;0,00%
P.FEDERALISTA IT.;0;0,00%;866;0,00%;0;0,00%;0;0,00%;0;0,00%;0;0,00%;0;0,00%;0;0,00%;0;0,00%;0;0,00%;0;0,00%;0;0,00%;0;0,00%;0;0,00%;0;0,00%;0;0,00%;0;0,00%;0;0,00%
M.GARIB.PART.D'ITALIA;0;0,00%;762;0,00%;0;0,00%;0;0,00%;0;0,00%;0;0,00%;0;0,00%;0;0,00%;0;0,00%;0;0,00%;0;0,00%;0;0,00%;0;0,00%;0;0,00%;0;0,00%;0;0,00%;0;0,00%;0;0,00%
P.ESISTENZIALISTA UN;0;0,00%;716;0,00%;0;0,00%;0;0,00%;0;0,00%;0;0,00%;0;0,00%;0;0,00%;0;0,00%;0;0,00%;0;0,00%;0;0,00%;0;0,00%;0;0,00%;0;0,00%;0;0,00%;0;0,00%;0;0,00%
P.UNIONE NAZIONALE;0;0,00%;563;0,00%;0;0,00%;0;0,00%;0;0,00%;0;0,00%;0;0,00%;0;0,00%;0;0,00%;0;0,00%;0;0,00%;0;0,00%;0;0,00%;0;0,00%;0;0,00%;0;0,00%;0;0,00%;0;0,00%
IND;0;0,00%;530;0,00%;0;0,00%;0;0,00%;0;0,00%;0;0,00%;0;0,00%;0;0,00%;0;0,00%;0;0,00%;0;0,00%;0;0,00%;0;0,00%;0;0,00%;0;0,00%;0;0,00%;0;0,00%;0;0,00%
P.MONARCHICO POP.;0;0,00%;0;0,00%;776919;2,40%;0;0,00%;0;0,00%;0;0,00%;0;0,00%;0;0,00%;0;0,00%;0;0,00%;0;0,00%;0;0,00%;0;0,00%;0;0,00%;0;0,00%;0;0,00%;0;0,00%;0;0,00%
PRI-P.RAD.;0;0,00%;0;0,00%;405782;1,25%;0;0,00%;0;0,00%;0;0,00%;0;0,00%;0;0,00%;0;0,00%;0;0,00%;0;0,00%;0;0,00%;0;0,00%;0;0,00%;0;0,00%;0;0,00%;0;0,00%;0;0,00%
COMUNITA';0;0,00%;0;0,00%;173227;0,53%;0;0,00%;0;0,00%;0;0,00%;0;0,00%;0;0,00%;0;0,00%;0;0,00%;0;0,00%;0;0,00%;0;0,00%;0;0,00%;0;0,00%;0;0,00%;0;0,00%;0;0,00%
MOVIM.AUT.REG.-M.A.R.P.;0;0,00%;0;0,00%;70589;0,22%;0;0,00%;0;0,00%;0;0,00%;0;0,00%;0;0,00%;0;0,00%;0;0,00%;0;0,00%;0;0,00%;0;0,00%;0;0,00%;0;0,00%;0;0,00%;0;0,00%;0;0,00%
UV;0;0,00%;0;0,00%;30596;0,09%;31844;0,09%;31557;0,09%;0;0,00%;0;0,00%;0;0,00%;0;0,00%;0;0,00%;0;0,00%;0;0,00%;0;0,00%;0;0,00%;0;0,00%;0;0,00%;0;0,00%;0;0,00%
P.CAT.RIS.NAZ.CPI;0;0,00%;0;0,00%;15929;0,05%;0;0,00%;0;0,00%;0;0,00%;0;0,00%;0;0,00%;0;0,00%;0;0,00%;0;0,00%;0;0,00%;0;0,00%;0;0,00%;0;0,00%;0;0,00%;0;0,00%;0;0,00%
FED.AUT.SOCIALDEM.IT;0;0,00%;0;0,00%;9332;0,03%;0;0,00%;0;0,00%;0;0,00%;0;0,00%;0;0,00%;0;0,00%;0;0,00%;0;0,00%;0;0,00%;0;0,00%;0;0,00%;0;0,00%;0;0,00%;0;0,00%;0;0,00%
P.NAZIONALE LAVORO;0;0,00%;0;0,00%;7183;0,02%;0;0,00%;0;0,00%;0;0,00%;0;0,00%;0;0,00%;0;0,00%;0;0,00%;0;0,00%;0;0,00%;0;0,00%;0;0,00%;0;0,00%;0;0,00%;0;0,00%;0;0,00%
AUT.PIEMONT-MOV.VIL.;0;0,00%;0;0,00%;6955;0,02%;0;0,00%;0;0,00%;0;0,00%;0;0,00%;0;0,00%;0;0,00%;0;0,00%;0;0,00%;0;0,00%;0;0,00%;0;0,00%;0;0,00%;0;0,00%;0;0,00%;0;0,00%
UNIONE TRIESTINA;0;0,00%;0;0,00%;6661;0,02%;0;0,00%;0;0,00%;0;0,00%;0;0,00%;0;0,00%;0;0,00%;0;0,00%;0;0,00%;0;0,00%;0;0,00%;0;0,00%;0;0,00%;0;0,00%;0;0,00%;0;0,00%
FR.DELL'INDIPENDENZA;0;0,00%;0;0,00%;6305;0,02%;0;0,00%;0;0,00%;0;0,00%;0;0,00%;0;0,00%;0;0,00%;0;0,00%;0;0,00%;0;0,00%;0;0,00%;0;0,00%;0;0,00%;0;0,00%;0;0,00%;0;0,00%
MOV.PRO PENSIONATI;0;0,00%;0;0,00%;4987;0,02%;0;0,00%;0;0,00%;0;0,00%;0;0,00%;0;0,00%;0;0,00%;0;0,00%;0;0,00%;0;0,00%;0;0,00%;0;0,00%;0;0,00%;0;0,00%;0;0,00%;0;0,00%
FR.UNICO SOLDATO IT.;0;0,00%;0;0,00%;4172;0,01%;0;0,00%;0;0,00%;0;0,00%;0;0,00%;0;0,00%;0;0,00%;0;0,00%;0;0,00%;0;0,00%;0;0,00%;0;0,00%;0;0,00%;0;0,00%;0;0,00%;0;0,00%
CONC.EUROPEA DEMOC.;0;0,00%;0;0,00%;4133;0,01%;0;0,00%;0;0,00%;0;0,00%;0;0,00%;0;0,00%;0;0,00%;0;0,00%;0;0,00%;0;0,00%;0;0,00%;0;0,00%;0;0,00%;0;0,00%;0;0,00%;0;0,00%
MOV.INDIP.DIVORZISTI;0;0,00%;0;0,00%;3955;0,01%;0;0,00%;0;0,00%;0;0,00%;0;0,00%;0;0,00%;0;0,00%;0;0,00%;0;0,00%;0;0,00%;0;0,00%;0;0,00%;0;0,00%;0;0,00%;0;0,00%;0;0,00%
P.SOC.SICILIANO;0;0,00%;0;0,00%;3136;0,01%;0;0,00%;0;0,00%;0;0,00%;0;0,00%;0;0,00%;0;0,00%;0;0,00%;0;0,00%;0;0,00%;0;0,00%;0;0,00%;0;0,00%;0;0,00%;0;0,00%;0;0,00%
MOV.AZIONE-RINNOVAM.;0;0,00%;0;0,00%;752;0,00%;0;0,00%;0;0,00%;0;0,00%;0;0,00%;0;0,00%;0;0,00%;0;0,00%;0;0,00%;0;0,00%;0;0,00%;0;0,00%;0;0,00%;0;0,00%;0;0,00%;0;0,00%
MOV.ECONOMICO IT.SOC;0;0,00%;0;0,00%;571;0,00%;0;0,00%;0;0,00%;0;0,00%;0;0,00%;0;0,00%;0;0,00%;0;0,00%;0;0,00%;0;0,00%;0;0,00%;0;0,00%;0;0,00%;0;0,00%;0;0,00%;0;0,00%
P.IT.MUT.INV.GUERRA;0;0,00%;0;0,00%;465;0,00%;0;0,00%;0;0,00%;0;0,00%;0;0,00%;0;0,00%;0;0,00%;0;0,00%;0;0,00%;0;0,00%;0;0,00%;0;0,00%;0;0,00%;0;0,00%;0;0,00%;0;0,00%
PDIUM;0;0,00%;0;0,00%;0;0,00%;536948;1,57%;414507;1,17%;0;0,00%;0;0,00%;0;0,00%;0;0,00%;0;0,00%;0;0,00%;0;0,00%;0;0,00%;0;0,00%;0;0,00%;0;0,00%;0;0,00%;0;0,00%
CONC.UNITA'RURALE;0;0,00%;0;0,00%;0;0,00%;92209;0,27%;0;0,00%;0;0,00%;0;0,00%;0;0,00%;0;0,00%;0;0,00%;0;0,00%;0;0,00%;0;0,00%;0;0,00%;0;0,00%;0;0,00%;0;0,00%;0;0,00%
PAPI;0;0,00%;0;0,00%;0;0,00%;87655;0,26%;41716;0,12%;15304;0,04%;0;0,00%;0;0,00%;0;0,00%;0;0,00%;0;0,00%;0;0,00%;0;0,00%;0;0,00%;0;0,00%;0;0,00%;0;0,00%;0;0,00%
M.COMB.IT-FR.RIN.NAZ;0;0,00%;0;0,00%;0;0,00%;19902;0,06%;0;0,00%;0;0,00%;0;0,00%;0;0,00%;0;0,00%;0;0,00%;0;0,00%;0;0,00%;0;0,00%;0;0,00%;0;0,00%;0;0,00%;0;0,00%;0;0,00%
MOV.POL.CATT.IT.;0;0,00%;0;0,00%;0;0,00%;7220;0,02%;0;0,00%;0;0,00%;0;0,00%;0;0,00%;0;0,00%;0;0,00%;0;0,00%;0;0,00%;0;0,00%;0;0,00%;0;0,00%;0;0,00%;0;0,00%;0;0,00%
PART.SOC.CRIST.;0;0,00%;0;0,00%;0;0,00%;6873;0,02%;0;0,00%;0;0,00%;0;0,00%;0;0,00%;0;0,00%;0;0,00%;0;0,00%;0;0,00%;0;0,00%;0;0,00%;0;0,00%;0;0,00%;0;0,00%;0;0,00%
PART.MON.NAZ.;0;0,00%;0;0,00%;0;0,00%;6472;0,02%;18883;0,05%;0;0,00%;0;0,00%;0;0,00%;13573;0,03%;0;0,00%;0;0,00%;0;0,00%;0;0,00%;0;0,00%;0;0,00%;0;0,00%;0;0,00%;0;0,00%
L.UNIT.SLOV.;0;0,00%;0;0,00%;0;0,00%;5679;0,02%;0;0,00%;0;0,00%;0;0,00%;0;0,00%;0;0,00%;0;0,00%;0;0,00%;0;0,00%;0;0,00%;0;0,00%;0;0,00%;0;0,00%;0;0,00%;0;0,00%
MOV.IND.TLT;0;0,00%;0;0,00%;0;0,00%;4261;0,01%;0;0,00%;0;0,00%;4540;0,01%;0;0,00%;2913;0,01%;2103;0,00%;0;0,00%;0;0,00%;0;0,00%;0;0,00%;0;0,00%;0;0,00%;0;0,00%;0;0,00%
UN.NAZ.SAL.PUB.;0;0,00%;0;0,00%;0;0,00%;2926;0,01%;3697;0,01%;0;0,00%;0;0,00%;0;0,00%;0;0,00%;0;0,00%;0;0,00%;0;0,00%;0;0,00%;0;0,00%;0;0,00%;0;0,00%;0;0,00%;0;0,00%
MOV.COLT.E SAL.;0;0,00%;0;0,00%;0;0,00%;2685;0,01%;0;0,00%;0;0,00%;0;0,00%;0;0,00%;0;0,00%;0;0,00%;0;0,00%;0;0,00%;0;0,00%;0;0,00%;0;0,00%;0;0,00%;0;0,00%;0;0,00%
RINN.SOC.;0;0,00%;0;0,00%;0;0,00%;1750;0,01%;0;0,00%;0;0,00%;0;0,00%;0;0,00%;0;0,00%;0;0,00%;0;0,00%;0;0,00%;0;0,00%;0;0,00%;0;0,00%;0;0,00%;0;0,00%;0;0,00%
MOV.POP.IT.;0;0,00%;0;0,00%;0;0,00%;1621;0,00%;0;0,00%;0;0,00%;0;0,00%;0;0,00%;0;0,00%;0;0,00%;0;0,00%;0;0,00%;0;0,00%;0;0,00%;0;0,00%;0;0,00%;0;0,00%;0;0,00%
AV.NAZ.;0;0,00%;0;0,00%;0;0,00%;959;0,00%;0;0,00%;0;0,00%;0;0,00%;0;0,00%;0;0,00%;0;0,00%;0;0,00%;0;0,00%;0;0,00%;0;0,00%;0;0,00%;0;0,00%;0;0,00%;0;0,00%
PART.LAB.IT.;0;0,00%;0;0,00%;0;0,00%;755;0,00%;0;0,00%;0;0,00%;0;0,00%;0;0,00%;0;0,00%;0;0,00%;0;0,00%;0;0,00%;0;0,00%;0;0,00%;0;0,00%;0;0,00%;0;0,00%;0;0,00%
PSU;0;0,00%;0;0,00%;0;0,00%;0;0,00%;4603192;12,94%;0;0,00%;0;0,00%;0;0,00%;0;0,00%;0;0,00%;0;0,00%;0;0,00%;0;0,00%;0;0,00%;0;0,00%;0;0,00%;0;0,00%;0;0,00%
PSIUP;0;0,00%;0;0,00%;0;0,00%;0;0,00%;1414697;3,98%;648591;1,75%;0;0,00%;0;0,00%;0;0,00%;0;0,00%;0;0,00%;0;0,00%;0;0,00%;0;0,00%;0;0,00%;0;0,00%;0;0,00%;0;0,00%
NUOVA REPUBBLICA;0;0,00%;0;0,00%;0;0,00%;0;0,00%;63402;0,18%;0;0,00%;0;0,00%;0;0,00%;0;0,00%;0;0,00%;0;0,00%;0;0,00%;0;0,00%;0;0,00%;0;0,00%;0;0,00%;0;0,00%;0;0,00%
MOV.SOC.;0;0,00%;0;0,00%;0;0,00%;0;0,00%;6551;0,02%;0;0,00%;0;0,00%;0;0,00%;0;0,00%;0;0,00%;0;0,00%;0;0,00%;0;0,00%;0;0,00%;0;0,00%;0;0,00%;0;0,00%;0;0,00%
UNIONE SLOVENA;0;0,00%;0;0,00%;0;0,00%;0;0,00%;6142;0,02%;0;0,00%;8183;0,02%;0;0,00%;9434;0,02%;0;0,00%;0;0,00%;0;0,00%;0;0,00%;0;0,00%;0;0,00%;0;0,00%;0;0,00%;0;0,00%
PST.PROG.SOC.;0;0,00%;0;0,00%;0;0,00%;0;0,00%;5740;0,02%;0;0,00%;0;0,00%;0;0,00%;0;0,00%;0;0,00%;0;0,00%;0;0,00%;0;0,00%;0;0,00%;0;0,00%;0;0,00%;0;0,00%;0;0,00%
"RAG.VOL.""T""";0;0,00%;0;0,00%;0;0,00%;0;0,00%;3158;0,01%;0;0,00%;0;0,00%;0;0,00%;0;0,00%;0;0,00%;0;0,00%;0;0,00%;0;0,00%;0;0,00%;0;0,00%;0;0,00%;0;0,00%;0;0,00%
PART.ORD.ECON.;0;0,00%;0;0,00%;0;0,00%;0;0,00%;3013;0,01%;0;0,00%;0;0,00%;0;0,00%;0;0,00%;0;0,00%;0;0,00%;0;0,00%;0;0,00%;0;0,00%;0;0,00%;0;0,00%;0;0,00%;0;0,00%
PART.DEM.PROG.;0;0,00%;0;0,00%;0;0,00%;0;0,00%;2208;0,01%;0;0,00%;0;0,00%;0;0,00%;0;0,00%;0;0,00%;0;0,00%;0;0,00%;0;0,00%;0;0,00%;0;0,00%;0;0,00%;0;0,00%;0;0,00%
PART.AGRICOLTORI;0;0,00%;0;0,00%;0;0,00%;0;0,00%;2061;0,01%;1706;0,00%;0;0,00%;0;0,00%;0;0,00%;0;0,00%;0;0,00%;0;0,00%;0;0,00%;0;0,00%;0;0,00%;0;0,00%;0;0,00%;0;0,00%
RAGGR.ITAL.;0;0,00%;0;0,00%;0;0,00%;0;0,00%;1807;0,01%;0;0,00%;0;0,00%;0;0,00%;0;0,00%;0;0,00%;0;0,00%;0;0,00%;0;0,00%;0;0,00%;0;0,00%;0;0,00%;0;0,00%;0;0,00%
P.COM.RIVOL.;0;0,00%;0;0,00%;0;0,00%;0;0,00%;1798;0,01%;0;0,00%;0;0,00%;0;0,00%;0;0,00%;0;0,00%;0;0,00%;0;0,00%;0;0,00%;0;0,00%;0;0,00%;0;0,00%;0;0,00%;0;0,00%
P.RAD;0;0,00%;0;0,00%;0;0,00%;0;0,00%;1540;0,00%;0;0,00%;394439;0,98%;1264870;3,00%;809810;1,82%;987720;2,16%;0;0,00%;0;0,00%;0;0,00%;0;0,00%;0;0,00%;0;0,00%;0;0,00%;0;0,00%
RIS.POP.;0;0,00%;0;0,00%;0;0,00%;0;0,00%;1196;0,00%;0;0,00%;0;0,00%;0;0,00%;0;0,00%;0;0,00%;0;0,00%;0;0,00%;0;0,00%;0;0,00%;0;0,00%;0;0,00%;0;0,00%;0;0,00%
SACRO IDEAL.MONDO;0;0,00%;0;0,00%;0;0,00%;0;0,00%;1126;0,00%;0;0,00%;0;0,00%;0;0,00%;0;0,00%;0;0,00%;0;0,00%;0;0,00%;0;0,00%;0;0,00%;0;0,00%;0;0,00%;0;0,00%;0;0,00%
P.PROG.UNSIPO;0;0,00%;0;0,00%;0;0,00%;0;0,00%;1068;0,00%;0;0,00%;0;0,00%;0;0,00%;0;0,00%;0;0,00%;0;0,00%;0;0,00%;0;0,00%;0;0,00%;0;0,00%;0;0,00%;0;0,00%;0;0,00%
PART.NAZ.MUT.COMB.IT;0;0,00%;0;0,00%;0;0,00%;0;0,00%;524;0,00%;0;0,00%;0;0,00%;0;0,00%;0;0,00%;0;0,00%;0;0,00%;0;0,00%;0;0,00%;0;0,00%;0;0,00%;0;0,00%;0;0,00%;0;0,00%
MANIFESTO;0;0,00%;0;0,00%;0;0,00%;0;0,00%;0;0,00%;224313;0,61%;0;0,00%;0;0,00%;0;0,00%;0;0,00%;0;0,00%;0;0,00%;0;0,00%;0;0,00%;0;0,00%;0;0,00%;0;0,00%;0;0,00%
MOV.POL.LAV.;0;0,00%;0;0,00%;0;0,00%;0;0,00%;0;0,00%;120251;0,32%;0;0,00%;0;0,00%;0;0,00%;0;0,00%;0;0,00%;0;0,00%;0;0,00%;0;0,00%;0;0,00%;0;0,00%;0;0,00%;0;0,00%
PC(MARX-LEN)IT;0;0,00%;0;0,00%;0;0,00%;0;0,00%;0;0,00%;86038;0,23%;0;0,00%;0;0,00%;0;0,00%;0;0,00%;0;0,00%;0;0,00%;0;0,00%;0;0,00%;0;0,00%;0;0,00%;0;0,00%;0;0,00%
DC-UV-RV-PSDI;0;0,00%;0;0,00%;0;0,00%;0;0,00%;0;0,00%;34083;0,09%;0;0,00%;0;0,00%;0;0,00%;0;0,00%;0;0,00%;0;0,00%;0;0,00%;0;0,00%;0;0,00%;0;0,00%;0;0,00%;0;0,00%
DEM.POP.;0;0,00%;0;0,00%;0;0,00%;0;0,00%;0;0,00%;28886;0,08%;0;0,00%;0;0,00%;0;0,00%;0;0,00%;0;0,00%;0;0,00%;0;0,00%;0;0,00%;0;0,00%;0;0,00%;0;0,00%;0;0,00%
STELLA ROSSA-R.S.;0;0,00%;0;0,00%;0;0,00%;0;0,00%;0;0,00%;9108;0,02%;0;0,00%;0;0,00%;0;0,00%;0;0,00%;0;0,00%;0;0,00%;0;0,00%;0;0,00%;0;0,00%;0;0,00%;0;0,00%;0;0,00%
AZ.CR.POP.;0;0,00%;0;0,00%;0;0,00%;0;0,00%;0;0,00%;9068;0,02%;0;0,00%;0;0,00%;0;0,00%;0;0,00%;0;0,00%;0;0,00%;0;0,00%;0;0,00%;0;0,00%;0;0,00%;0;0,00%;0;0,00%
RINN.DEM.NAZ.;0;0,00%;0;0,00%;0;0,00%;0;0,00%;0;0,00%;5893;0,02%;0;0,00%;0;0,00%;0;0,00%;0;0,00%;0;0,00%;0;0,00%;0;0,00%;0;0,00%;0;0,00%;0;0,00%;0;0,00%;0;0,00%
PCS (MARX.-LEN.);0;0,00%;0;0,00%;0;0,00%;0;0,00%;0;0,00%;2958;0,01%;0;0,00%;0;0,00%;0;0,00%;0;0,00%;0;0,00%;0;0,00%;0;0,00%;0;0,00%;0;0,00%;0;0,00%;0;0,00%;0;0,00%
FR.NAZ.SIC.;0;0,00%;0;0,00%;0;0,00%;0;0,00%;0;0,00%;2884;0,01%;0;0,00%;2749;0,01%;5228;0,01%;0;0,00%;0;0,00%;0;0,00%;0;0,00%;0;0,00%;0;0,00%;0;0,00%;0;0,00%;0;0,00%
UN.FORZE DEM.;0;0,00%;0;0,00%;0;0,00%;0;0,00%;0;0,00%;2190;0,01%;0;0,00%;0;0,00%;0;0,00%;0;0,00%;0;0,00%;0;0,00%;0;0,00%;0;0,00%;0;0,00%;0;0,00%;0;0,00%;0;0,00%
FR.UOMO QUALUNQUE;0;0,00%;0;0,00%;0;0,00%;0;0,00%;0;0,00%;1017;0,00%;0;0,00%;0;0,00%;0;0,00%;0;0,00%;0;0,00%;0;0,00%;0;0,00%;0;0,00%;0;0,00%;0;0,00%;0;0,00%;0;0,00%
MSI-DN;0;0,00%;0;0,00%;0;0,00%;0;0,00%;0;0,00%;0;0,00%;2238339;5,54%;1930639;4,57%;2511487;5,64%;2281126;4,99%;2107037;4,44%;0;0,00%;0;0,00%;0;0,00%;0;0,00%;0;0,00%;0;0,00%;0;0,00%
DEM.PROL;0;0,00%;0;0,00%;0;0,00%;0;0,00%;0;0,00%;0;0,00%;557025;1,38%;0;0,00%;542039;1,22%;641901;1,40%;0;0,00%;0;0,00%;0;0,00%;0;0,00%;0;0,00%;0;0,00%;0;0,00%;0;0,00%
PCI-PSI-PDUP;0;0,00%;0;0,00%;0;0,00%;0;0,00%;0;0,00%;0;0,00%;26748;0,07%;0;0,00%;0;0,00%;0;0,00%;0;0,00%;0;0,00%;0;0,00%;0;0,00%;0;0,00%;0;0,00%;0;0,00%;0;0,00%
DC-RV-UV-UVP-PRI;0;0,00%;0;0,00%;0;0,00%;0;0,00%;0;0,00%;0;0,00%;24091;0,06%;0;0,00%;0;0,00%;0;0,00%;0;0,00%;0;0,00%;0;0,00%;0;0,00%;0;0,00%;0;0,00%;0;0,00%;0;0,00%
DEM.POP-UVP M.REG;0;0,00%;0;0,00%;0;0,00%;0;0,00%;0;0,00%;0;0,00%;20234;0,05%;0;0,00%;0;0,00%;0;0,00%;0;0,00%;0;0,00%;0;0,00%;0;0,00%;0;0,00%;0;0,00%;0;0,00%;0;0,00%
NPP;0;0,00%;0;0,00%;0;0,00%;0;0,00%;0;0,00%;0;0,00%;10927;0,03%;1869;0,00%;0;0,00%;5055;0,01%;0;0,00%;0;0,00%;0;0,00%;0;0,00%;0;0,00%;0;0,00%;0;0,00%;0;0,00%
TIROL.;0;0,00%;0;0,00%;0;0,00%;0;0,00%;0;0,00%;0;0,00%;7664;0,02%;0;0,00%;0;0,00%;0;0,00%;0;0,00%;0;0,00%;0;0,00%;0;0,00%;0;0,00%;0;0,00%;0;0,00%;0;0,00%
POE;0;0,00%;0;0,00%;0;0,00%;0;0,00%;0;0,00%;0;0,00%;5522;0,01%;7371;0,02%;8074;0,02%;0;0,00%;0;0,00%;0;0,00%;0;0,00%;0;0,00%;0;0,00%;0;0,00%;0;0,00%;0;0,00%
PART.SIN.DEM.;0;0,00%;0;0,00%;0;0,00%;0;0,00%;0;0,00%;0;0,00%;1757;0,00%;1516;0,00%;0;0,00%;0;0,00%;0;0,00%;0;0,00%;0;0,00%;0;0,00%;0;0,00%;0;0,00%;0;0,00%;0;0,00%
UN.BEN.CIV.;0;0,00%;0;0,00%;0;0,00%;0;0,00%;0;0,00%;0;0,00%;1299;0,00%;0;0,00%;0;0,00%;0;0,00%;0;0,00%;0;0,00%;0;0,00%;0;0,00%;0;0,00%;0;0,00%;0;0,00%;0;0,00%
PDUP;0;0,00%;0;0,00%;0;0,00%;0;0,00%;0;0,00%;0;0,00%;0;0,00%;502247;1,19%;0;0,00%;0;0,00%;0;0,00%;0;0,00%;0;0,00%;0;0,00%;0;0,00%;0;0,00%;0;0,00%;0;0,00%
NUOVA SIN.UNITA;0;0,00%;0;0,00%;0;0,00%;0;0,00%;0;0,00%;0;0,00%;0;0,00%;294462;0,70%;0;0,00%;0;0,00%;0;0,00%;0;0,00%;0;0,00%;0;0,00%;0;0,00%;0;0,00%;0;0,00%;0;0,00%
DN-CD;0;0,00%;0;0,00%;0;0,00%;0;0,00%;0;0,00%;0;0,00%;0;0,00%;229205;0,54%;0;0,00%;0;0,00%;0;0,00%;0;0,00%;0;0,00%;0;0,00%;0;0,00%;0;0,00%;0;0,00%;0;0,00%
ASSOCIAZIONE PER TRIESTE;0;0,00%;0;0,00%;0;0,00%;0;0,00%;0;0,00%;0;0,00%;0;0,00%;65505;0,16%;0;0,00%;0;0,00%;0;0,00%;0;0,00%;0;0,00%;0;0,00%;0;0,00%;0;0,00%;0;0,00%;0;0,00%
MOV.FRIULI;0;0,00%;0;0,00%;0;0,00%;0;0,00%;0;0,00%;0;0,00%;0;0,00%;35254;0,08%;26190;0,06%;13208;0,03%;0;0,00%;0;0,00%;0;0,00%;0;0,00%;0;0,00%;0;0,00%;0;0,00%;0;0,00%
UNIONE VALDOSTANA-DEMPROL-PLI;0;0,00%;0;0,00%;0;0,00%;0;0,00%;0;0,00%;0;0,00%;0;0,00%;33250;0,08%;0;0,00%;0;0,00%;0;0,00%;0;0,00%;0;0,00%;0;0,00%;0;0,00%;0;0,00%;0;0,00%;0;0,00%
UNITA' DELLA SINISTRA;0;0,00%;0;0,00%;0;0,00%;0;0,00%;0;0,00%;0;0,00%;0;0,00%;23909;0,06%;0;0,00%;0;0,00%;0;0,00%;0;0,00%;0;0,00%;0;0,00%;0;0,00%;0;0,00%;0;0,00%;0;0,00%
DC-PSDI-PRI;0;0,00%;0;0,00%;0;0,00%;0;0,00%;0;0,00%;0;0,00%;0;0,00%;13442;0,03%;0;0,00%;0;0,00%;0;0,00%;0;0,00%;0;0,00%;0;0,00%;0;0,00%;0;0,00%;0;0,00%;0;0,00%
PARTITO POPOLARE ITALIANO;0;0,00%;0;0,00%;0;0,00%;0;0,00%;0;0,00%;0;0,00%;0;0,00%;6497;0,02%;0;0,00%;0;0,00%;0;0,00%;0;0,00%;0;0,00%;0;0,00%;0;0,00%;0;0,00%;0;0,00%;0;0,00%
FRONTE GIUST.SIC.;0;0,00%;0;0,00%;0;0,00%;0;0,00%;0;0,00%;0;0,00%;0;0,00%;5146;0,01%;0;0,00%;0;0,00%;0;0,00%;0;0,00%;0;0,00%;0;0,00%;0;0,00%;0;0,00%;0;0,00%;0;0,00%
PART.CRIST.AZ.SOC.;0;0,00%;0;0,00%;0;0,00%;0;0,00%;0;0,00%;0;0,00%;0;0,00%;3115;0,01%;6354;0,01%;0;0,00%;0;0,00%;0;0,00%;0;0,00%;0;0,00%;0;0,00%;0;0,00%;0;0,00%;0;0,00%
PART.BEN.CIV.;0;0,00%;0;0,00%;0;0,00%;0;0,00%;0;0,00%;0;0,00%;0;0,00%;2991;0,01%;0;0,00%;0;0,00%;0;0,00%;0;0,00%;0;0,00%;0;0,00%;0;0,00%;0;0,00%;0;0,00%;0;0,00%
PART.POP.CALAB.;0;0,00%;0;0,00%;0;0,00%;0;0,00%;0;0,00%;0;0,00%;0;0,00%;2927;0,01%;0;0,00%;0;0,00%;0;0,00%;0;0,00%;0;0,00%;0;0,00%;0;0,00%;0;0,00%;0;0,00%;0;0,00%
FIORE MARGHERITA;0;0,00%;0;0,00%;0;0,00%;0;0,00%;0;0,00%;0;0,00%;0;0,00%;2123;0,01%;0;0,00%;0;0,00%;0;0,00%;0;0,00%;0;0,00%;0;0,00%;0;0,00%;0;0,00%;0;0,00%;0;0,00%
ASS.VAL.IND;0;0,00%;0;0,00%;0;0,00%;0;0,00%;0;0,00%;0;0,00%;0;0,00%;1907;0,00%;0;0,00%;0;0,00%;0;0,00%;0;0,00%;0;0,00%;0;0,00%;0;0,00%;0;0,00%;0;0,00%;0;0,00%
PART.NAZ.PENS.;0;0,00%;0;0,00%;0;0,00%;0;0,00%;0;0,00%;0;0,00%;0;0,00%;0;0,00%;503461;1,13%;0;0,00%;0;0,00%;0;0,00%;0;0,00%;0;0,00%;0;0,00%;0;0,00%;0;0,00%;0;0,00%
LIGA VENETA;0;0,00%;0;0,00%;0;0,00%;0;0,00%;0;0,00%;0;0,00%;0;0,00%;0;0,00%;125311;0,28%;0;0,00%;0;0,00%;0;0,00%;0;0,00%;0;0,00%;0;0,00%;0;0,00%;0;0,00%;0;0,00%
LISTA PER TRIESTE;0;0,00%;0;0,00%;0;0,00%;0;0,00%;0;0,00%;0;0,00%;0;0,00%;0;0,00%;92101;0,21%;0;0,00%;0;0,00%;0;0,00%;0;0,00%;0;0,00%;0;0,00%;0;0,00%;0;0,00%;0;0,00%
UV-UVP-D.POP.;0;0,00%;0;0,00%;0;0,00%;0;0,00%;0;0,00%;0;0,00%;0;0,00%;0;0,00%;28086;0,06%;0;0,00%;0;0,00%;0;0,00%;0;0,00%;0;0,00%;0;0,00%;0;0,00%;0;0,00%;0;0,00%
UN.DIF.PENS.;0;0,00%;0;0,00%;0;0,00%;0;0,00%;0;0,00%;0;0,00%;0;0,00%;0;0,00%;15182;0,03%;0;0,00%;0;0,00%;0;0,00%;0;0,00%;0;0,00%;0;0,00%;0;0,00%;0;0,00%;0;0,00%
PART.SUD.TIROL;0;0,00%;0;0,00%;0;0,00%;0;0,00%;0;0,00%;0;0,00%;0;0,00%;0;0,00%;12270;0,03%;11287;0,02%;0;0,00%;0;0,00%;0;0,00%;0;0,00%;0;0,00%;0;0,00%;0;0,00%;0;0,00%
UN.PEN.PENS.IT.;0;0,00%;0;0,00%;0;0,00%;0;0,00%;0;0,00%;0;0,00%;0;0,00%;0;0,00%;9944;0,02%;0;0,00%;0;0,00%;0;0,00%;0;0,00%;0;0,00%;0;0,00%;0;0,00%;0;0,00%;0;0,00%
LISTA DI LOTTA;0;0,00%;0;0,00%;0;0,00%;0;0,00%;0;0,00%;0;0,00%;0;0,00%;0;0,00%;6863;0,02%;0;0,00%;0;0,00%;0;0,00%;0;0,00%;0;0,00%;0;0,00%;0;0,00%;0;0,00%;0;0,00%
VIV.LIB.;0;0,00%;0;0,00%;0;0,00%;0;0,00%;0;0,00%;0;0,00%;0;0,00%;0;0,00%;5257;0,01%;0;0,00%;0;0,00%;0;0,00%;0;0,00%;0;0,00%;0;0,00%;0;0,00%;0;0,00%;0;0,00%
PART.NAZ.INQ.;0;0,00%;0;0,00%;0;0,00%;0;0,00%;0;0,00%;0;0,00%;0;0,00%;0;0,00%;4768;0,01%;2898;0,01%;0;0,00%;0;0,00%;0;0,00%;0;0,00%;0;0,00%;0;0,00%;0;0,00%;0;0,00%
MOV.ECOL.SARDO;0;0,00%;0;0,00%;0;0,00%;0;0,00%;0;0,00%;0;0,00%;0;0,00%;0;0,00%;4263;0,01%;0;0,00%;0;0,00%;0;0,00%;0;0,00%;0;0,00%;0;0,00%;0;0,00%;0;0,00%;0;0,00%
PLI-PRI-PSDI;0;0,00%;0;0,00%;0;0,00%;0;0,00%;0;0,00%;0;0,00%;0;0,00%;0;0,00%;4239;0,01%;0;0,00%;0;0,00%;0;0,00%;0;0,00%;0;0,00%;0;0,00%;0;0,00%;0;0,00%;0;0,00%
NUOVA SINISTRA;0;0,00%;0;0,00%;0;0,00%;0;0,00%;0;0,00%;0;0,00%;0;0,00%;0;0,00%;1853;0,00%;0;0,00%;0;0,00%;0;0,00%;0;0,00%;0;0,00%;0;0,00%;0;0,00%;0;0,00%;0;0,00%
GIUST. E LIB.;0;0,00%;0;0,00%;0;0,00%;0;0,00%;0;0,00%;0;0,00%;0;0,00%;0;0,00%;1692;0,00%;4793;0,01%;0;0,00%;0;0,00%;0;0,00%;0;0,00%;0;0,00%;0;0,00%;0;0,00%;0;0,00%
LISTA VERDE;0;0,00%;0;0,00%;0;0,00%;0;0,00%;0;0,00%;0;0,00%;0;0,00%;0;0,00%;0;0,00%;969218;2,12%;0;0,00%;0;0,00%;0;0,00%;0;0,00%;0;0,00%;0;0,00%;0;0,00%;0;0,00%
LIGA VENETA-PU;0;0,00%;0;0,00%;0;0,00%;0;0,00%;0;0,00%;0;0,00%;0;0,00%;0;0,00%;0;0,00%;298402;0,65%;0;0,00%;0;0,00%;0;0,00%;0;0,00%;0;0,00%;0;0,00%;0;0,00%;0;0,00%
LEGA LOMBARDA;0;0,00%;0;0,00%;0;0,00%;0;0,00%;0;0,00%;0;0,00%;0;0,00%;0;0,00%;0;0,00%;186255;0,41%;3396012;7,15%;0;0,00%;0;0,00%;0;0,00%;0;0,00%;0;0,00%;0;0,00%;0;0,00%
PIEMONT-AUT.REG.;0;0,00%;0;0,00%;0;0,00%;0;0,00%;0;0,00%;0;0,00%;0;0,00%;0;0,00%;0;0,00%;72064;0,16%;0;0,00%;0;0,00%;0;0,00%;0;0,00%;0;0,00%;0;0,00%;0;0,00%;0;0,00%
PIEMONT;0;0,00%;0;0,00%;0;0,00%;0;0,00%;0;0,00%;0;0,00%;0;0,00%;0;0,00%;0;0,00%;61701;0,14%;0;0,00%;0;0,00%;0;0,00%;0;0,00%;0;0,00%;0;0,00%;0;0,00%;0;0,00%
CPA;0;0,00%;0;0,00%;0;0,00%;0;0,00%;0;0,00%;0;0,00%;0;0,00%;0;0,00%;0;0,00%;55911;0,12%;192799;0,41%;0;0,00%;0;0,00%;0;0,00%;0;0,00%;0;0,00%;0;0,00%;0;0,00%
UV-ADP-PRI;0;0,00%;0;0,00%;0;0,00%;0;0,00%;0;0,00%;0;0,00%;0;0,00%;0;0,00%;0;0,00%;41707;0,09%;0;0,00%;0;0,00%;0;0,00%;0;0,00%;0;0,00%;0;0,00%;0;0,00%;0;0,00%
DC-PCI-PSI-PSDI;0;0,00%;0;0,00%;0;0,00%;0;0,00%;0;0,00%;0;0,00%;0;0,00%;0;0,00%;0;0,00%;29937;0,07%;0;0,00%;0;0,00%;0;0,00%;0;0,00%;0;0,00%;0;0,00%;0;0,00%;0;0,00%
MOV.LIB.FISCALE;0;0,00%;0;0,00%;0;0,00%;0;0,00%;0;0,00%;0;0,00%;0;0,00%;0;0,00%;0;0,00%;25046;0,05%;0;0,00%;0;0,00%;0;0,00%;0;0,00%;0;0,00%;0;0,00%;0;0,00%;0;0,00%
ALL.PENS.;0;0,00%;0;0,00%;0;0,00%;0;0,00%;0;0,00%;0;0,00%;0;0,00%;0;0,00%;0;0,00%;21342;0,05%;0;0,00%;0;0,00%;0;0,00%;0;0,00%;0;0,00%;0;0,00%;0;0,00%;0;0,00%
P.VERDE I.VER.E.;0;0,00%;0;0,00%;0;0,00%;0;0,00%;0;0,00%;0;0,00%;0;0,00%;0;0,00%;0;0,00%;20916;0,05%;0;0,00%;0;0,00%;0;0,00%;0;0,00%;0;0,00%;0;0,00%;0;0,00%;0;0,00%
MOV.VEN.REG.AUT;0;0,00%;0;0,00%;0;0,00%;0;0,00%;0;0,00%;0;0,00%;0;0,00%;0;0,00%;0;0,00%;18945;0,04%;49035;0,10%;0;0,00%;0;0,00%;0;0,00%;0;0,00%;0;0,00%;0;0,00%;0;0,00%
MOV.NAZ.IT.CACC.;0;0,00%;0;0,00%;0;0,00%;0;0,00%;0;0,00%;0;0,00%;0;0,00%;0;0,00%;0;0,00%;14787;0,03%;0;0,00%;0;0,00%;0;0,00%;0;0,00%;0;0,00%;0;0,00%;0;0,00%;0;0,00%
PNI-CACCIA PESCA;0;0,00%;0;0,00%;0;0,00%;0;0,00%;0;0,00%;0;0,00%;0;0,00%;0;0,00%;0;0,00%;14306;0,03%;0;0,00%;0;0,00%;0;0,00%;0;0,00%;0;0,00%;0;0,00%;0;0,00%;0;0,00%
VERDI IT.-P.ECOL;0;0,00%;0;0,00%;0;0,00%;0;0,00%;0;0,00%;0;0,00%;0;0,00%;0;0,00%;0;0,00%;10269;0,02%;0;0,00%;0;0,00%;0;0,00%;0;0,00%;0;0,00%;0;0,00%;0;0,00%;0;0,00%
ALL.UM.;0;0,00%;0;0,00%;0;0,00%;0;0,00%;0;0,00%;0;0,00%;0;0,00%;0;0,00%;0;0,00%;5585;0,01%;0;0,00%;0;0,00%;0;0,00%;0;0,00%;0;0,00%;0;0,00%;0;0,00%;0;0,00%
RINASCITA SIC.;0;0,00%;0;0,00%;0;0,00%;0;0,00%;0;0,00%;0;0,00%;0;0,00%;0;0,00%;0;0,00%;2951;0,01%;0;0,00%;0;0,00%;0;0,00%;0;0,00%;0;0,00%;0;0,00%;0;0,00%;0;0,00%
LISTA REFERENDUM;0;0,00%;0;0,00%;0;0,00%;0;0,00%;0;0,00%;0;0,00%;0;0,00%;0;0,00%;0;0,00%;0;0,00%;319812;0,67%;0;0,00%;0;0,00%;0;0,00%;0;0,00%;0;0,00%;0;0,00%;0;0,00%
PARTITO PENSIONATI;0;0,00%;0;0,00%;0;0,00%;0;0,00%;0;0,00%;0;0,00%;0;0,00%;0;0,00%;0;0,00%;0;0,00%;246379;0,52%;0;0,00%;0;0,00%;68349;0,14%;341495,8604;0,69%;0;0,00%;54418;0,11%;0;0,00%
ALTRE LEGHE;0;0,00%;0;0,00%;0;0,00%;0;0,00%;0;0,00%;0;0,00%;0;0,00%;0;0,00%;0;0,00%;0;0,00%;220559;0,46%;0;0,00%;0;0,00%;0;0,00%;0;0,00%;0;0,00%;0;0,00%;0;0,00%
FEDERALISMO-PENS.UV.;0;0,00%;0;0,00%;0;0,00%;0;0,00%;0;0,00%;0;0,00%;0;0,00%;0;0,00%;0;0,00%;0;0,00%;154621;0,33%;0;0,00%;0;0,00%;0;0,00%;0;0,00%;0;0,00%;0;0,00%;0;0,00%
LA LEGA CAS-PENS.;0;0,00%;0;0,00%;0;0,00%;0;0,00%;0;0,00%;0;0,00%;0;0,00%;0;0,00%;0;0,00%;0;0,00%;133717;0,28%;0;0,00%;0;0,00%;0;0,00%;0;0,00%;0;0,00%;0;0,00%;0;0,00%
LISTE AUTONOMISTE;0;0,00%;0;0,00%;0;0,00%;0;0,00%;0;0,00%;0;0,00%;0;0,00%;0;0,00%;0;0,00%;0;0,00%;94583;0,20%;0;0,00%;0;0,00%;0;0,00%;0;0,00%;0;0,00%;0;0,00%;0;0,00%
VERDI FEDERALISTI;0;0,00%;0;0,00%;0;0,00%;0;0,00%;0;0,00%;0;0,00%;0;0,00%;0;0,00%;0;0,00%;0;0,00%;42647;0,09%;0;0,00%;0;0,00%;0;0,00%;0;0,00%;0;0,00%;0;0,00%;0;0,00%
L.VALLE D'AOSTA;0;0,00%;0;0,00%;0;0,00%;0;0,00%;0;0,00%;0;0,00%;0;0,00%;0;0,00%;0;0,00%;0;0,00%;41404;0,09%;0;0,00%;0;0,00%;0;0,00%;0;0,00%;0;0,00%;0;0,00%;0;0,00%
GRUPPO DOLCHI-FOSSON;0;0,00%;0;0,00%;0;0,00%;0;0,00%;0;0,00%;0;0,00%;0;0,00%;0;0,00%;0;0,00%;0;0,00%;30724;0,06%;0;0,00%;0;0,00%;0;0,00%;0;0,00%;0;0,00%;0;0,00%;0;0,00%
DEMOCRATICI SINISTRA;0;0,00%;0;0,00%;0;0,00%;0;0,00%;0;0,00%;0;0,00%;0;0,00%;0;0,00%;0;0,00%;0;0,00%;0;0,00%;0;0,00%;0;0,00%;6151154;12,49%;0;0,00%;0;0,00%;0;0,00%;0;0,00%
LA MARGHERITA;0;0,00%;0;0,00%;0;0,00%;0;0,00%;0;0,00%;0;0,00%;0;0,00%;0;0,00%;0;0,00%;0;0,00%;0;0,00%;0;0,00%;0;0,00%;5391827;10,95%;0;0,00%;0;0,00%;0;0,00%;0;0,00%
LISTA DI PIETRO;0;0,00%;0;0,00%;0;0,00%;0;0,00%;0;0,00%;0;0,00%;0;0,00%;0;0,00%;0;0,00%;0;0,00%;0;0,00%;0;0,00%;0;0,00%;1443725;2,93%;0;0,00%;0;0,00%;0;0,00%;0;0,00%
DEMOCRAZIA EUROPEA;0;0,00%;0;0,00%;0;0,00%;0;0,00%;0;0,00%;0;0,00%;0;0,00%;0;0,00%;0;0,00%;0;0,00%;0;0,00%;0;0,00%;0;0,00%;888249;1,80%;0;0,00%;0;0,00%;0;0,00%;0;0,00%
PANNELLA-BONINO;0;0,00%;0;0,00%;0;0,00%;0;0,00%;0;0,00%;0;0,00%;0;0,00%;0;0,00%;0;0,00%;0;0,00%;0;0,00%;0;0,00%;0;0,00%;832213;1,69%;0;0,00%;0;0,00%;0;0,00%;0;0,00%
IL GIRASOLE;0;0,00%;0;0,00%;0;0,00%;0;0,00%;0;0,00%;0;0,00%;0;0,00%;0;0,00%;0;0,00%;0;0,00%;0;0,00%;0;0,00%;0;0,00%;805340;1,63%;0;0,00%;0;0,00%;0;0,00%;0;0,00%
COMUNISTI ITALIANI;0;0,00%;0;0,00%;0;0,00%;0;0,00%;0;0,00%;0;0,00%;0;0,00%;0;0,00%;0;0,00%;0;0,00%;0;0,00%;0;0,00%;0;0,00%;620859;1,26%;902399,5987;1,81%;0;0,00%;0;0,00%;0;0,00%
NUOVO PSI;0;0,00%;0;0,00%;0;0,00%;0;0,00%;0;0,00%;0;0,00%;0;0,00%;0;0,00%;0;0,00%;0;0,00%;0;0,00%;0;0,00%;0;0,00%;353269;0,72%;0;0,00%;0;0,00%;0;0,00%;0;0,00%
FIAMMA TRICOLORE;0;0,00%;0;0,00%;0;0,00%;0;0,00%;0;0,00%;0;0,00%;0;0,00%;0;0,00%;0;0,00%;0;0,00%;0;0,00%;0;0,00%;0;0,00%;143963;0,29%;232133;0,47%;0;0,00%;44408;0,09%;0;0,00%
LIGA FRONTE VENETO;0;0,00%;0;0,00%;0;0,00%;0;0,00%;0;0,00%;0;0,00%;0;0,00%;0;0,00%;0;0,00%;0;0,00%;0;0,00%;0;0,00%;0;0,00%;74353;0,15%;22481,78846;0,05%;0;0,00%;0;0,00%;0;0,00%
PS D'AZ-SARD.NATZ.;0;0,00%;0;0,00%;0;0,00%;0;0,00%;0;0,00%;0;0,00%;0;0,00%;0;0,00%;0;0,00%;0;0,00%;0;0,00%;0;0,00%;0;0,00%;34412;0,07%;0;0,00%;0;0,00%;0;0,00%;0;0,00%
PAESE NUOVO;0;0,00%;0;0,00%;0;0,00%;0;0,00%;0;0,00%;0;0,00%;0;0,00%;0;0,00%;0;0,00%;0;0,00%;0;0,00%;0;0,00%;0;0,00%;34193;0,07%;0;0,00%;0;0,00%;0;0,00%;0;0,00%
ABOLIZIONE SCORPORO;0;0,00%;0;0,00%;0;0,00%;0;0,00%;0;0,00%;0;0,00%;0;0,00%;0;0,00%;0;0,00%;0;0,00%;0;0,00%;0;0,00%;0;0,00%;26917;0,05%;0;0,00%;0;0,00%;0;0,00%;0;0,00%
FRONTE NAZIONALE;0;0,00%;0;0,00%;0;0,00%;0;0,00%;0;0,00%;0;0,00%;0;0,00%;0;0,00%;0;0,00%;0;0,00%;0;0,00%;0;0,00%;0;0,00%;22985;0,05%;0;0,00%;0;0,00%;0;0,00%;0;0,00%
FORZA NUOVA;0;0,00%;0;0,00%;0;0,00%;0;0,00%;0;0,00%;0;0,00%;0;0,00%;0;0,00%;0;0,00%;0;0,00%;0;0,00%;0;0,00%;0;0,00%;13622;0,03%;0;0,00%;109699;0,22%;90047;0,18%;0;0,00%
LISTA AMADU;0;0,00%;0;0,00%;0;0,00%;0;0,00%;0;0,00%;0;0,00%;0;0,00%;0;0,00%;0;0,00%;0;0,00%;0;0,00%;0;0,00%;0;0,00%;11517;0,02%;0;0,00%;0;0,00%;0;0,00%;0;0,00%
REPUBBLICANI EUROPEI;0;0,00%;0;0,00%;0;0,00%;0;0,00%;0;0,00%;0;0,00%;0;0,00%;0;0,00%;0;0,00%;0;0,00%;0;0,00%;0;0,00%;0;0,00%;7997;0,02%;0;0,00%;0;0,00%;0;0,00%;0;0,00%
NOI SICILIANI;0;0,00%;0;0,00%;0;0,00%;0;0,00%;0;0,00%;0;0,00%;0;0,00%;0;0,00%;0;0,00%;0;0,00%;0;0,00%;0;0,00%;0;0,00%;7637;0,02%;0;0,00%;0;0,00%;0;0,00%;0;0,00%
MOVIMENTO DELLE LIBERTA';0;0,00%;0;0,00%;0;0,00%;0;0,00%;0;0,00%;0;0,00%;0;0,00%;0;0,00%;0;0,00%;0;0,00%;0;0,00%;0;0,00%;0;0,00%;6754;0,01%;0;0,00%;0;0,00%;0;0,00%;10590;0,02%
LIBERI E FORTI;0;0,00%;0;0,00%;0;0,00%;0;0,00%;0;0,00%;0;0,00%;0;0,00%;0;0,00%;0;0,00%;0;0,00%;0;0,00%;0;0,00%;0;0,00%;6722;0,01%;0;0,00%;0;0,00%;0;0,00%;0;0,00%
SOCIAL.AUTON.;0;0,00%;0;0,00%;0;0,00%;0;0,00%;0;0,00%;0;0,00%;0;0,00%;0;0,00%;0;0,00%;0;0,00%;0;0,00%;0;0,00%;0;0,00%;6492;0,01%;0;0,00%;0;0,00%;0;0,00%;0;0,00%
LIBDEM.BASTA;0;0,00%;0;0,00%;0;0,00%;0;0,00%;0;0,00%;0;0,00%;0;0,00%;0;0,00%;0;0,00%;0;0,00%;0;0,00%;0;0,00%;0;0,00%;6332;0,01%;0;0,00%;0;0,00%;0;0,00%;0;0,00%
COMUNISMO;0;0,00%;0;0,00%;0;0,00%;0;0,00%;0;0,00%;0;0,00%;0;0,00%;0;0,00%;0;0,00%;0;0,00%;0;0,00%;0;0,00%;0;0,00%;5244;0,01%;0;0,00%;0;0,00%;0;0,00%;0;0,00%
TERZO POLO AUTONOMIA;0;0,00%;0;0,00%;0;0,00%;0;0,00%;0;0,00%;0;0,00%;0;0,00%;0;0,00%;0;0,00%;0;0,00%;0;0,00%;0;0,00%;0;0,00%;2915;0,01%;0;0,00%;0;0,00%;0;0,00%;0;0,00%
L'ULIVO;0;0,00%;0;0,00%;0;0,00%;0;0,00%;0;0,00%;0;0,00%;0;0,00%;0;0,00%;0;0,00%;0;0,00%;0;0,00%;0;0,00%;0;0,00%;0;0,00%;12195572,26;24,49%;0;0,00%;0;0,00%;0;0,00%
LA ROSA NEL PUGNO;0;0,00%;0;0,00%;0;0,00%;0;0,00%;0;0,00%;0;0,00%;0;0,00%;0;0,00%;0;0,00%;0;0,00%;0;0,00%;0;0,00%;0;0,00%;0;0,00%;1012900,106;2,03%;0;0,00%;0;0,00%;0;0,00%
DI PIETRO ITALIA DEI VALORI;0;0,00%;0;0,00%;0;0,00%;0;0,00%;0;0,00%;0;0,00%;0;0,00%;0;0,00%;0;0,00%;0;0,00%;0;0,00%;0;0,00%;0;0,00%;0;0,00%;894441,8532;1,80%;1636173;3,27%;0;0,00%;0;0,00%
U.D.EUR POPOLARI;0;0,00%;0;0,00%;0;0,00%;0;0,00%;0;0,00%;0;0,00%;0;0,00%;0;0,00%;0;0,00%;0;0,00%;0;0,00%;0;0,00%;0;0,00%;0;0,00%;554988,3431;1,11%;0;0,00%;0;0,00%;0;0,00%
I SOCIALISTI;0;0,00%;0;0,00%;0;0,00%;0;0,00%;0;0,00%;0;0,00%;0;0,00%;0;0,00%;0;0,00%;0;0,00%;0;0,00%;0;0,00%;0;0,00%;0;0,00%;117565,5588;0,24%;0;0,00%;0;0,00%;0;0,00%
LISTA CONSUMATORI;0;0,00%;0;0,00%;0;0,00%;0;0,00%;0;0,00%;0;0,00%;0;0,00%;0;0,00%;0;0,00%;0;0,00%;0;0,00%;0;0,00%;0;0,00%;0;0,00%;75361,20786;0,15%;0;0,00%;0;0,00%;0;0,00%
ALLEANZA LOMBARDA AUTONOMIA;0;0,00%;0;0,00%;0;0,00%;0;0,00%;0;0,00%;0;0,00%;0;0,00%;0;0,00%;0;0,00%;0;0,00%;0;0,00%;0;0,00%;0;0,00%;0;0,00%;45565,62407;0,09%;0;0,00%;0;0,00%;0;0,00%
UNIONE DI CENTRO;0;0,00%;0;0,00%;0;0,00%;0;0,00%;0;0,00%;0;0,00%;0;0,00%;0;0,00%;0;0,00%;0;0,00%;0;0,00%;0;0,00%;0;0,00%;0;0,00%;2582472;5,19%;2138246;4,27%;609676;1,21%;0;0,00%
DEM.CRIST.-NUOVO PSI;0;0,00%;0;0,00%;0;0,00%;0;0,00%;0;0,00%;0;0,00%;0;0,00%;0;0,00%;0;0,00%;0;0,00%;0;0,00%;0;0,00%;0;0,00%;0;0,00%;285474;0,57%;0;0,00%;0;0,00%;0;0,00%
ALTERNATIVA SOCIALE MUSSOLINI;0;0,00%;0;0,00%;0;0,00%;0;0,00%;0;0,00%;0;0,00%;0;0,00%;0;0,00%;0;0,00%;0;0,00%;0;0,00%;0;0,00%;0;0,00%;0;0,00%;263971;0,53%;0;0,00%;0;0,00%;0;0,00%
NO EURO;0;0,00%;0;0,00%;0;0,00%;0;0,00%;0;0,00%;0;0,00%;0;0,00%;0;0,00%;0;0,00%;0;0,00%;0;0,00%;0;0,00%;0;0,00%;0;0,00%;58746;0,12%;0;0,00%;0;0,00%;0;0,00%
PENSIONATI UNITI;0;0,00%;0;0,00%;0;0,00%;0;0,00%;0;0,00%;0;0,00%;0;0,00%;0;0,00%;0;0,00%;0;0,00%;0;0,00%;0;0,00%;0;0,00%;0;0,00%;27550;0,06%;0;0,00%;0;0,00%;0;0,00%
AMBIENTA-LISTA;0;0,00%;0;0,00%;0;0,00%;0;0,00%;0;0,00%;0;0,00%;0;0,00%;0;0,00%;0;0,00%;0;0,00%;0;0,00%;0;0,00%;0;0,00%;0;0,00%;17145;0,03%;0;0,00%;0;0,00%;0;0,00%
P.LIBERALE ITALIANO;0;0,00%;0;0,00%;0;0,00%;0;0,00%;0;0,00%;0;0,00%;0;0,00%;0;0,00%;0;0,00%;0;0,00%;0;0,00%;0;0,00%;0;0,00%;0;0,00%;12265;0,02%;104053;0,21%;0;0,00%;0;0,00%
S.O.S. ITALIA;0;0,00%;0;0,00%;0;0,00%;0;0,00%;0;0,00%;0;0,00%;0;0,00%;0;0,00%;0;0,00%;0;0,00%;0;0,00%;0;0,00%;0;0,00%;0;0,00%;6781;0,01%;0;0,00%;0;0,00%;0;0,00%
DESTRA NAZIONALE;0;0,00%;0;0,00%;0;0,00%;0;0,00%;0;0,00%;0;0,00%;0;0,00%;0;0,00%;0;0,00%;0;0,00%;0;0,00%;0;0,00%;0;0,00%;0;0,00%;1093;0,00%;0;0,00%;0;0,00%;0;0,00%
DIMENSIONE CHRISTIANA;0;0,00%;0;0,00%;0;0,00%;0;0,00%;0;0,00%;0;0,00%;0;0,00%;0;0,00%;0;0,00%;0;0,00%;0;0,00%;0;0,00%;0;0,00%;0;0,00%;2489;0,00%;0;0,00%;0;0,00%;0;0,00%
PER IL SUD;0;0,00%;0;0,00%;0;0,00%;0;0,00%;0;0,00%;0;0,00%;0;0,00%;0;0,00%;0;0,00%;0;0,00%;0;0,00%;0;0,00%;0;0,00%;0;0,00%;5130;0,01%;0;0,00%;0;0,00%;0;0,00%
DIE FREIHEITLICHEN;0;0,00%;0;0,00%;0;0,00%;0;0,00%;0;0,00%;0;0,00%;0;0,00%;0;0,00%;0;0,00%;0;0,00%;0;0,00%;0;0,00%;0;0,00%;0;0,00%;17183;0,03%;28340;0,06%;48317;0,10%;0;0,00%
MOVIMENTO TRIVENETO;0;0,00%;0;0,00%;0;0,00%;0;0,00%;0;0,00%;0;0,00%;0;0,00%;0;0,00%;0;0,00%;0;0,00%;0;0,00%;0;0,00%;0;0,00%;0;0,00%;4518;0,01%;0;0,00%;0;0,00%;0;0,00%
MOV.DEM.SIC-NOI SIC.;0;0,00%;0;0,00%;0;0,00%;0;0,00%;0;0,00%;0;0,00%;0;0,00%;0;0,00%;0;0,00%;0;0,00%;0;0,00%;0;0,00%;0;0,00%;0;0,00%;5003;0,01%;0;0,00%;0;0,00%;0;0,00%
PROGETTO NORDEST;0;0,00%;0;0,00%;0;0,00%;0;0,00%;0;0,00%;0;0,00%;0;0,00%;0;0,00%;0;0,00%;0;0,00%;0;0,00%;0;0,00%;0;0,00%;0;0,00%;92002;0,18%;0;0,00%;0;0,00%;0;0,00%
SOLIDARIETA';0;0,00%;0;0,00%;0;0,00%;0;0,00%;0;0,00%;0;0,00%;0;0,00%;0;0,00%;0;0,00%;0;0,00%;0;0,00%;0;0,00%;0;0,00%;0;0,00%;5814;0,01%;0;0,00%;0;0,00%;0;0,00%
IRS;0;0,00%;0;0,00%;0;0,00%;0;0,00%;0;0,00%;0;0,00%;0;0,00%;0;0,00%;0;0,00%;0;0,00%;0;0,00%;0;0,00%;0;0,00%;0;0,00%;11648;0,02%;0;0,00%;0;0,00%;0;0,00%
TERZO POLO;0;0,00%;0;0,00%;0;0,00%;0;0,00%;0;0,00%;0;0,00%;0;0,00%;0;0,00%;0;0,00%;0;0,00%;0;0,00%;0;0,00%;0;0,00%;0;0,00%;16174;0,03%;0;0,00%;0;0,00%;0;0,00%
LEGA SUD;0;0,00%;0;0,00%;0;0,00%;0;0,00%;0;0,00%;0;0,00%;0;0,00%;0;0,00%;0;0,00%;0;0,00%;0;0,00%;0;0,00%;0;0,00%;0;0,00%;848;0,00%;4399;0,01%;0;0,00%;0;0,00%
ASS.ITAL.SUD AMERICA;0;0,00%;0;0,00%;0;0,00%;0;0,00%;0;0,00%;0;0,00%;0;0,00%;0;0,00%;0;0,00%;0;0,00%;0;0,00%;0;0,00%;0;0,00%;0;0,00%;99817;0,20%;64325;0,13%;0;0,00%;0;0,00%
PER ITALIA NEL MONDO;0;0,00%;0;0,00%;0;0,00%;0;0,00%;0;0,00%;0;0,00%;0;0,00%;0;0,00%;0;0,00%;0;0,00%;0;0,00%;0;0,00%;0;0,00%;0;0,00%;72105;0,14%;0;0,00%;0;0,00%;0;0,00%
U.S.E.I.;0;0,00%;0;0,00%;0;0,00%;0;0,00%;0;0,00%;0;0,00%;0;0,00%;0;0,00%;0;0,00%;0;0,00%;0;0,00%;0;0,00%;0;0,00%;0;0,00%;14205;0,03%;0;0,00%;0;0,00%;0;0,00%
P.ITALIANI NEL MONDO;0;0,00%;0;0,00%;0;0,00%;0;0,00%;0;0,00%;0;0,00%;0;0,00%;0;0,00%;0;0,00%;0;0,00%;0;0,00%;0;0,00%;0;0,00%;0;0,00%;11250;0,02%;0;0,00%;0;0,00%;0;0,00%
L' ALTRA SICILIA PER IL SUD;0;0,00%;0;0,00%;0;0,00%;0;0,00%;0;0,00%;0;0,00%;0;0,00%;0;0,00%;0;0,00%;0;0,00%;0;0,00%;0;0,00%;0;0,00%;0;0,00%;10867;0,02%;9251;0,02%;0;0,00%;0;0,00%
ALT.IND.ITAL.ESTERO;0;0,00%;0;0,00%;0;0,00%;0;0,00%;0;0,00%;0;0,00%;0;0,00%;0;0,00%;0;0,00%;0;0,00%;0;0,00%;0;0,00%;0;0,00%;0;0,00%;3732;0,01%;0;0,00%;0;0,00%;0;0,00%
AMARE L'ITALIA;0;0,00%;0;0,00%;0;0,00%;0;0,00%;0;0,00%;0;0,00%;0;0,00%;0;0,00%;0;0,00%;0;0,00%;0;0,00%;0;0,00%;0;0,00%;0;0,00%;3179;0,01%;0;0,00%;0;0,00%;0;0,00%
AUT.LIB. DEMOCRATIE;0;0,00%;0;0,00%;0;0,00%;0;0,00%;0;0,00%;0;0,00%;0;0,00%;0;0,00%;0;0,00%;0;0,00%;0;0,00%;0;0,00%;0;0,00%;0;0,00%;34168;0,07%;29314;0,06%;0;0,00%;0;0,00%
VALLEE D'AOSTE;0;0,00%;0;0,00%;0;0,00%;0;0,00%;0;0,00%;0;0,00%;0;0,00%;0;0,00%;0;0,00%;0;0,00%;0;0,00%;0;0,00%;0;0,00%;0;0,00%;24119;0,05%;28357;0,06%;18376;0,04%;0;0,00%
PARTITO DEMOCRATICO;0;0,00%;0;0,00%;0;0,00%;0;0,00%;0;0,00%;0;0,00%;0;0,00%;0;0,00%;0;0,00%;0;0,00%;0;0,00%;0;0,00%;0;0,00%;0;0,00%;0;0,00%;12434260;24,84%;8934009;17,69%;6459049;12,71%
IL POPOLO DELLA LIBERTA';0;0,00%;0;0,00%;0;0,00%;0;0,00%;0;0,00%;0;0,00%;0;0,00%;0;0,00%;0;0,00%;0;0,00%;0;0,00%;0;0,00%;0;0,00%;0;0,00%;0;0,00%;13951901;27,87%;7477885;14,81%;0;0,00%
MOVIMENTO PER L'AUTONOMIA ALL.PER IL SUD;0;0,00%;0;0,00%;0;0,00%;0;0,00%;0;0,00%;0;0,00%;0;0,00%;0;0,00%;0;0,00%;0;0,00%;0;0,00%;0;0,00%;0;0,00%;0;0,00%;0;0,00%;410499;0,82%;0;0,00%;0;0,00%
LA SINISTRA L'ARCOBALENO;0;0,00%;0;0,00%;0;0,00%;0;0,00%;0;0,00%;0;0,00%;0;0,00%;0;0,00%;0;0,00%;0;0,00%;0;0,00%;0;0,00%;0;0,00%;0;0,00%;0;0,00%;1152793;2,30%;0;0,00%;0;0,00%
LA DESTRA - FIAMMA TRICOLORE;0;0,00%;0;0,00%;0;0,00%;0;0,00%;0;0,00%;0;0,00%;0;0,00%;0;0,00%;0;0,00%;0;0,00%;0;0,00%;0;0,00%;0;0,00%;0;0,00%;0;0,00%;899935;1,80%;0;0,00%;0;0,00%
M.E.D.A.;0;0,00%;0;0,00%;0;0,00%;0;0,00%;0;0,00%;0;0,00%;0;0,00%;0;0,00%;0;0,00%;0;0,00%;0;0,00%;0;0,00%;0;0,00%;0;0,00%;0;0,00%;16483;0,03%;0;0,00%;0;0,00%
PARTITO SOCIALISTA;0;0,00%;0;0,00%;0;0,00%;0;0,00%;0;0,00%;0;0,00%;0;0,00%;0;0,00%;0;0,00%;0;0,00%;0;0,00%;0;0,00%;0;0,00%;0;0,00%;0;0,00%;388008;0,77%;0;0,00%;0;0,00%
ASS.DIFESA DELLA VITA ABORTO?NO,GRAZIE;0;0,00%;0;0,00%;0;0,00%;0;0,00%;0;0,00%;0;0,00%;0;0,00%;0;0,00%;0;0,00%;0;0,00%;0;0,00%;0;0,00%;0;0,00%;0;0,00%;0;0,00%;135535;0,27%;0;0,00%;0;0,00%
SINISTRA CRITICA;0;0,00%;0;0,00%;0;0,00%;0;0,00%;0;0,00%;0;0,00%;0;0,00%;0;0,00%;0;0,00%;0;0,00%;0;0,00%;0;0,00%;0;0,00%;0;0,00%;0;0,00%;174978;0,35%;0;0,00%;0;0,00%
PER IL BENE COMUNE;0;0,00%;0;0,00%;0;0,00%;0;0,00%;0;0,00%;0;0,00%;0;0,00%;0;0,00%;0;0,00%;0;0,00%;0;0,00%;0;0,00%;0;0,00%;0;0,00%;0;0,00%;119569;0,24%;0;0,00%;0;0,00%
IL LOTO;0;0,00%;0;0,00%;0;0,00%;0;0,00%;0;0,00%;0;0,00%;0;0,00%;0;0,00%;0;0,00%;0;0,00%;0;0,00%;0;0,00%;0;0,00%;0;0,00%;0;0,00%;1797;0,00%;0;0,00%;0;0,00%
L'INTESA VENETA;0;0,00%;0;0,00%;0;0,00%;0;0,00%;0;0,00%;0;0,00%;0;0,00%;0;0,00%;0;0,00%;0;0,00%;0;0,00%;0;0,00%;0;0,00%;0;0,00%;0;0,00%;2388;0,00%;0;0,00%;0;0,00%
PARTITO DI ALTERNATIVA COMUNISTA;0;0,00%;0;0,00%;0;0,00%;0;0,00%;0;0,00%;0;0,00%;0;0,00%;0;0,00%;0;0,00%;0;0,00%;0;0,00%;0;0,00%;0;0,00%;0;0,00%;0;0,00%;1993;0,00%;5196;0,01%;0;0,00%
PARTITO COMUNISTA DEI LAVORATORI;0;0,00%;0;0,00%;0;0,00%;0;0,00%;0;0,00%;0;0,00%;0;0,00%;0;0,00%;0;0,00%;0;0,00%;0;0,00%;0;0,00%;0;0,00%;0;0,00%;0;0,00%;208296;0,42%;89643;0,18%;0;0,00%
LEGA PER L'AUTONOMIA ALL.LOMB. LEGA PENS;0;0,00%;0;0,00%;0;0,00%;0;0,00%;0;0,00%;0;0,00%;0;0,00%;0;0,00%;0;0,00%;0;0,00%;0;0,00%;0;0,00%;0;0,00%;0;0,00%;0;0,00%;13992;0,03%;0;0,00%;0;0,00%
LG.VENETA REPUBBLICA;0;0,00%;0;0,00%;0;0,00%;0;0,00%;0;0,00%;0;0,00%;0;0,00%;0;0,00%;0;0,00%;0;0,00%;0;0,00%;0;0,00%;0;0,00%;0;0,00%;0;0,00%;31353;0,06%;15838;0,03%;0;0,00%
MOVIMENTO P.P.A.;0;0,00%;0;0,00%;0;0,00%;0;0,00%;0;0,00%;0;0,00%;0;0,00%;0;0,00%;0;0,00%;0;0,00%;0;0,00%;0;0,00%;0;0,00%;0;0,00%;0;0,00%;946;0,00%;1526;0,00%;0;0,00%
LISTA DEI GRILLI PARLANTI;0;0,00%;0;0,00%;0;0,00%;0;0,00%;0;0,00%;0;0,00%;0;0,00%;0;0,00%;0;0,00%;0;0,00%;0;0,00%;0;0,00%;0;0,00%;0;0,00%;0;0,00%;66835;0,13%;0;0,00%;0;0,00%
UNIONE DEMOCRATICA PER I CONSUMATORI;0;0,00%;0;0,00%;0;0,00%;0;0,00%;0;0,00%;0;0,00%;0;0,00%;0;0,00%;0;0,00%;0;0,00%;0;0,00%;0;0,00%;0;0,00%;0;0,00%;0;0,00%;91106;0,18%;0;0,00%;0;0,00%
AZ.SOCIALE MUSSOLINI;0;0,00%;0;0,00%;0;0,00%;0;0,00%;0;0,00%;0;0,00%;0;0,00%;0;0,00%;0;0,00%;0;0,00%;0;0,00%;0;0,00%;0;0,00%;0;0,00%;0;0,00%;1066;0,00%;0;0,00%;0;0,00%
MOV.ASSOCIATIVO ITALIANI ALL'ESTERO;0;0,00%;0;0,00%;0;0,00%;0;0,00%;0;0,00%;0;0,00%;0;0,00%;0;0,00%;0;0,00%;0;0,00%;0;0,00%;0;0,00%;0;0,00%;0;0,00%;0;0,00%;86970;0,17%;140868;0,28%;107236;0,21%
CONSUMATORI CIVICI ITALIANI;0;0,00%;0;0,00%;0;0,00%;0;0,00%;0;0,00%;0;0,00%;0;0,00%;0;0,00%;0;0,00%;0;0,00%;0;0,00%;0;0,00%;0;0,00%;0;0,00%;0;0,00%;4878;0,01%;0;0,00%;0;0,00%
VALORI E FUTURO;0;0,00%;0;0,00%;0;0,00%;0;0,00%;0;0,00%;0;0,00%;0;0,00%;0;0,00%;0;0,00%;0;0,00%;0;0,00%;0;0,00%;0;0,00%;0;0,00%;0;0,00%;4493;0,01%;0;0,00%;0;0,00%
SINISTRA ECOLOGIA LIBERTA';0;0,00%;0;0,00%;0;0,00%;0;0,00%;0;0,00%;0;0,00%;0;0,00%;0;0,00%;0;0,00%;0;0,00%;0;0,00%;0;0,00%;0;0,00%;0;0,00%;0;0,00%;0;0,00%;1106665;2,19%;0;0,00%
FRATELLI D'ITALIA;0;0,00%;0;0,00%;0;0,00%;0;0,00%;0;0,00%;0;0,00%;0;0,00%;0;0,00%;0;0,00%;0;0,00%;0;0,00%;0;0,00%;0;0,00%;0;0,00%;0;0,00%;0;0,00%;669816;1,33%;0;0,00%
LA DESTRA;0;0,00%;0;0,00%;0;0,00%;0;0,00%;0;0,00%;0;0,00%;0;0,00%;0;0,00%;0;0,00%;0;0,00%;0;0,00%;0;0,00%;0;0,00%;0;0,00%;0;0,00%;0;0,00%;219585;0,43%;0;0,00%
GRANDE SUD - MPA;0;0,00%;0;0,00%;0;0,00%;0;0,00%;0;0,00%;0;0,00%;0;0,00%;0;0,00%;0;0,00%;0;0,00%;0;0,00%;0;0,00%;0;0,00%;0;0,00%;0;0,00%;0;0,00%;148248;0,29%;0;0,00%
MIR - MODERATI IN RIVOLUZIONE;0;0,00%;0;0,00%;0;0,00%;0;0,00%;0;0,00%;0;0,00%;0;0,00%;0;0,00%;0;0,00%;0;0,00%;0;0,00%;0;0,00%;0;0,00%;0;0,00%;0;0,00%;0;0,00%;82557;0,16%;0;0,00%
INTESA POPOLARE;0;0,00%;0;0,00%;0;0,00%;0;0,00%;0;0,00%;0;0,00%;0;0,00%;0;0,00%;0;0,00%;0;0,00%;0;0,00%;0;0,00%;0;0,00%;0;0,00%;0;0,00%;0;0,00%;26120;0,05%;0;0,00%
LIBERI PER UNA ITALIA EQUA;0;0,00%;0;0,00%;0;0,00%;0;0,00%;0;0,00%;0;0,00%;0;0,00%;0;0,00%;0;0,00%;0;0,00%;0;0,00%;0;0,00%;0;0,00%;0;0,00%;0;0,00%;0;0,00%;3239;0,01%;0;0,00%
MOVIMENTO 5 STELLE BEPPEGRILLO.IT;0;0,00%;0;0,00%;0;0,00%;0;0,00%;0;0,00%;0;0,00%;0;0,00%;0;0,00%;0;0,00%;0;0,00%;0;0,00%;0;0,00%;0;0,00%;0;0,00%;0;0,00%;0;0,00%;8799982;17,43%;0;0,00%
SCELTA CIVICA CON MONTI PER L'ITALIA;0;0,00%;0;0,00%;0;0,00%;0;0,00%;0;0,00%;0;0,00%;0;0,00%;0;0,00%;0;0,00%;0;0,00%;0;0,00%;0;0,00%;0;0,00%;0;0,00%;0;0,00%;0;0,00%;3004883;5,95%;0;0,00%
FUTURO E LIBERTA';0;0,00%;0;0,00%;0;0,00%;0;0,00%;0;0,00%;0;0,00%;0;0,00%;0;0,00%;0;0,00%;0;0,00%;0;0,00%;0;0,00%;0;0,00%;0;0,00%;0;0,00%;0;0,00%;159378;0,32%;0;0,00%
RIVOLUZIONE CIVILE;0;0,00%;0;0,00%;0;0,00%;0;0,00%;0;0,00%;0;0,00%;0;0,00%;0;0,00%;0;0,00%;0;0,00%;0;0,00%;0;0,00%;0;0,00%;0;0,00%;0;0,00%;0;0,00%;781222;1,55%;0;0,00%
FARE PER FERMARE IL DECLINO;0;0,00%;0;0,00%;0;0,00%;0;0,00%;0;0,00%;0;0,00%;0;0,00%;0;0,00%;0;0,00%;0;0,00%;0;0,00%;0;0,00%;0;0,00%;0;0,00%;0;0,00%;0;0,00%;390987;0,77%;0;0,00%
LISTA AMNISTIA GIUSTIZIA LIBERTA';0;0,00%;0;0,00%;0;0,00%;0;0,00%;0;0,00%;0;0,00%;0;0,00%;0;0,00%;0;0,00%;0;0,00%;0;0,00%;0;0,00%;0;0,00%;0;0,00%;0;0,00%;0;0,00%;65022;0,13%;0;0,00%
CASAPOUND ITALIA;0;0,00%;0;0,00%;0;0,00%;0;0,00%;0;0,00%;0;0,00%;0;0,00%;0;0,00%;0;0,00%;0;0,00%;0;0,00%;0;0,00%;0;0,00%;0;0,00%;0;0,00%;0;0,00%;48354;0,10%;313637;0,62%
IO AMO L'ITALIA;0;0,00%;0;0,00%;0;0,00%;0;0,00%;0;0,00%;0;0,00%;0;0,00%;0;0,00%;0;0,00%;0;0,00%;0;0,00%;0;0,00%;0;0,00%;0;0,00%;0;0,00%;0;0,00%;42603;0,08%;0;0,00%
INDIPENDENZA VENETA;0;0,00%;0;0,00%;0;0,00%;0;0,00%;0;0,00%;0;0,00%;0;0,00%;0;0,00%;0;0,00%;0;0,00%;0;0,00%;0;0,00%;0;0,00%;0;0,00%;0;0,00%;0;0,00%;33217;0,07%;0;0,00%
LIBERALI PER L'ITALIA - PLI;0;0,00%;0;0,00%;0;0,00%;0;0,00%;0;0,00%;0;0,00%;0;0,00%;0;0,00%;0;0,00%;0;0,00%;0;0,00%;0;0,00%;0;0,00%;0;0,00%;0;0,00%;0;0,00%;27964;0,06%;0;0,00%
VOTO DI PROTESTA;0;0,00%;0;0,00%;0;0,00%;0;0,00%;0;0,00%;0;0,00%;0;0,00%;0;0,00%;0;0,00%;0;0,00%;0;0,00%;0;0,00%;0;0,00%;0;0,00%;0;0,00%;0;0,00%;12743;0,03%;0;0,00%
VENETO STATO;0;0,00%;0;0,00%;0;0,00%;0;0,00%;0;0,00%;0;0,00%;0;0,00%;0;0,00%;0;0,00%;0;0,00%;0;0,00%;0;0,00%;0;0,00%;0;0,00%;0;0,00%;0;0,00%;11398;0,02%;0;0,00%
RIFORMISTI ITALIANI;0;0,00%;0;0,00%;0;0,00%;0;0,00%;0;0,00%;0;0,00%;0;0,00%;0;0,00%;0;0,00%;0;0,00%;0;0,00%;0;0,00%;0;0,00%;0;0,00%;0;0,00%;0;0,00%;8248;0,02%;0;0,00%
INDIPENDENZA PER LA SARDEGNA;0;0,00%;0;0,00%;0;0,00%;0;0,00%;0;0,00%;0;0,00%;0;0,00%;0;0,00%;0;0,00%;0;0,00%;0;0,00%;0;0,00%;0;0,00%;0;0,00%;0;0,00%;0;0,00%;7471;0,01%;0;0,00%
MERIS;0;0,00%;0;0,00%;0;0,00%;0;0,00%;0;0,00%;0;0,00%;0;0,00%;0;0,00%;0;0,00%;0;0,00%;0;0,00%;0;0,00%;0;0,00%;0;0,00%;0;0,00%;0;0,00%;5897;0,01%;0;0,00%
I PIRATI;0;0,00%;0;0,00%;0;0,00%;0;0,00%;0;0,00%;0;0,00%;0;0,00%;0;0,00%;0;0,00%;0;0,00%;0;0,00%;0;0,00%;0;0,00%;0;0,00%;0;0,00%;0;0,00%;4577;0,01%;0;0,00%
MOVIMENTO PROGETTO ITALIA - MID;0;0,00%;0;0,00%;0;0,00%;0;0,00%;0;0,00%;0;0,00%;0;0,00%;0;0,00%;0;0,00%;0;0,00%;0;0,00%;0;0,00%;0;0,00%;0;0,00%;0;0,00%;0;0,00%;3957;0,01%;0;0,00%
RIFONDAZIONE MISSINA ITALIANA;0;0,00%;0;0,00%;0;0,00%;0;0,00%;0;0,00%;0;0,00%;0;0,00%;0;0,00%;0;0,00%;0;0,00%;0;0,00%;0;0,00%;0;0,00%;0;0,00%;0;0,00%;0;0,00%;3091;0,01%;0;0,00%
POPOLARI UNITI;0;0,00%;0;0,00%;0;0,00%;0;0,00%;0;0,00%;0;0,00%;0;0,00%;0;0,00%;0;0,00%;0;0,00%;0;0,00%;0;0,00%;0;0,00%;0;0,00%;0;0,00%;0;0,00%;2992;0,01%;0;0,00%
PROGETTO NAZIONALE;0;0,00%;0;0,00%;0;0,00%;0;0,00%;0;0,00%;0;0,00%;0;0,00%;0;0,00%;0;0,00%;0;0,00%;0;0,00%;0;0,00%;0;0,00%;0;0,00%;0;0,00%;0;0,00%;2870;0,01%;0;0,00%
TUTTI INSIEME PER L'ITALIA;0;0,00%;0;0,00%;0;0,00%;0;0,00%;0;0,00%;0;0,00%;0;0,00%;0;0,00%;0;0,00%;0;0,00%;0;0,00%;0;0,00%;0;0,00%;0;0,00%;0;0,00%;0;0,00%;1485;0,00%;0;0,00%
STAMINALI D'ITALIA;0;0,00%;0;0,00%;0;0,00%;0;0,00%;0;0,00%;0;0,00%;0;0,00%;0;0,00%;0;0,00%;0;0,00%;0;0,00%;0;0,00%;0;0,00%;0;0,00%;0;0,00%;0;0,00%;586;0,00%;0;0,00%
DEMOCRAZIA ATEA;0;0,00%;0;0,00%;0;0,00%;0;0,00%;0;0,00%;0;0,00%;0;0,00%;0;0,00%;0;0,00%;0;0,00%;0;0,00%;0;0,00%;0;0,00%;0;0,00%;0;0,00%;0;0,00%;598;0,00%;0;0,00%
UNION VALDOTAINE PROGRESSISTE;0;0,00%;0;0,00%;0;0,00%;0;0,00%;0;0,00%;0;0,00%;0;0,00%;0;0,00%;0;0,00%;0;0,00%;0;0,00%;0;0,00%;0;0,00%;0;0,00%;0;0,00%;0;0,00%;18191;0,04%;0;0,00%
AUTONOMIE LIBERTE' DEMOCRATIE;0;0,00%;0;0,00%;0;0,00%;0;0,00%;0;0,00%;0;0,00%;0;0,00%;0;0,00%;0;0,00%;0;0,00%;0;0,00%;0;0,00%;0;0,00%;0;0,00%;0;0,00%;0;0,00%;14340;0,03%;0;0,00%
NATION VAL D'OUTA;0;0,00%;0;0,00%;0;0,00%;0;0,00%;0;0,00%;0;0,00%;0;0,00%;0;0,00%;0;0,00%;0;0,00%;0;0,00%;0;0,00%;0;0,00%;0;0,00%;0;0,00%;0;0,00%;145;0,00%;0;0,00%
USEI;0;0,00%;0;0,00%;0;0,00%;0;0,00%;0;0,00%;0;0,00%;0;0,00%;0;0,00%;0;0,00%;0;0,00%;0;0,00%;0;0,00%;0;0,00%;0;0,00%;0;0,00%;0;0,00%;43918;0,09%;68291;0,13%
ITALIANI PER LA LIBERTA';0;0,00%;0;0,00%;0;0,00%;0;0,00%;0;0,00%;0;0,00%;0;0,00%;0;0,00%;0;0,00%;0;0,00%;0;0,00%;0;0,00%;0;0,00%;0;0,00%;0;0,00%;0;0,00%;22348;0,04%;0;0,00%
UNIONE ITALIANI SUDAMERICA;0;0,00%;0;0,00%;0;0,00%;0;0,00%;0;0,00%;0;0,00%;0;0,00%;0;0,00%;0;0,00%;0;0,00%;0;0,00%;0;0,00%;0;0,00%;0;0,00%;0;0,00%;0;0,00%;11330;0,02%;0;0,00%
PARTITO COMUNISTA;0;0,00%;0;0,00%;0;0,00%;0;0,00%;0;0,00%;0;0,00%;0;0,00%;0;0,00%;0;0,00%;0;0,00%;0;0,00%;0;0,00%;0;0,00%;0;0,00%;0;0,00%;0;0,00%;6977;0,01%;106816;0,21%
INSIEME PER GLI ITALIANI;0;0,00%;0;0,00%;0;0,00%;0;0,00%;0;0,00%;0;0,00%;0;0,00%;0;0,00%;0;0,00%;0;0,00%;0;0,00%;0;0,00%;0;0,00%;0;0,00%;0;0,00%;0;0,00%;3838;0,01%;0;0,00%
LEGA;0;0,00%;0;0,00%;0;0,00%;0;0,00%;0;0,00%;0;0,00%;0;0,00%;0;0,00%;0;0,00%;0;0,00%;0;0,00%;0;0,00%;0;0,00%;0;0,00%;0;0,00%;0;0,00%;0;0,00%;5838971,312;11,49%
FRATELLI D'ITALIA CON GIORGIA MELONI;0;0,00%;0;0,00%;0;0,00%;0;0,00%;0;0,00%;0;0,00%;0;0,00%;0;0,00%;0;0,00%;0;0,00%;0;0,00%;0;0,00%;0;0,00%;0;0,00%;0;0,00%;0;0,00%;0;0,00%;1464400,71;2,88%
NOI CON L'ITALIA - UDC;0;0,00%;0;0,00%;0;0,00%;0;0,00%;0;0,00%;0;0,00%;0;0,00%;0;0,00%;0;0,00%;0;0,00%;0;0,00%;0;0,00%;0;0,00%;0;0,00%;0;0,00%;0;0,00%;0;0,00%;427152;0,84%
MOVIMENTO 5 STELLE;0;0,00%;0;0,00%;0;0,00%;0;0,00%;0;0,00%;0;0,00%;0;0,00%;0;0,00%;0;0,00%;0;0,00%;0;0,00%;0;0,00%;0;0,00%;0;0,00%;0;0,00%;0;0,00%;0;0,00%;10945411;21,53%
+EUROPA;0;0,00%;0;0,00%;0;0,00%;0;0,00%;0;0,00%;0;0,00%;0;0,00%;0;0,00%;0;0,00%;0;0,00%;0;0,00%;0;0,00%;0;0,00%;0;0,00%;0;0,00%;0;0,00%;0;0,00%;905818;1,78%
ITALIA EUROPA INSIEME;0;0,00%;0;0,00%;0;0,00%;0;0,00%;0;0,00%;0;0,00%;0;0,00%;0;0,00%;0;0,00%;0;0,00%;0;0,00%;0;0,00%;0;0,00%;0;0,00%;0;0,00%;0;0,00%;0;0,00%;190601;0,37%
CIVICA POPOLARE LORENZIN;0;0,00%;0;0,00%;0;0,00%;0;0,00%;0;0,00%;0;0,00%;0;0,00%;0;0,00%;0;0,00%;0;0,00%;0;0,00%;0;0,00%;0;0,00%;0;0,00%;0;0,00%;0;0,00%;0;0,00%;210178;0,41%
SVP - PATT;0;0,00%;0;0,00%;0;0,00%;0;0,00%;0;0,00%;0;0,00%;0;0,00%;0;0,00%;0;0,00%;0;0,00%;0;0,00%;0;0,00%;0;0,00%;0;0,00%;0;0,00%;0;0,00%;0;0,00%;134651;0,26%
LIBERI E UGUALI;0;0,00%;0;0,00%;0;0,00%;0;0,00%;0;0,00%;0;0,00%;0;0,00%;0;0,00%;0;0,00%;0;0,00%;0;0,00%;0;0,00%;0;0,00%;0;0,00%;0;0,00%;0;0,00%;0;0,00%;1179322;2,32%
POTERE AL POPOLO!;0;0,00%;0;0,00%;0;0,00%;0;0,00%;0;0,00%;0;0,00%;0;0,00%;0;0,00%;0;0,00%;0;0,00%;0;0,00%;0;0,00%;0;0,00%;0;0,00%;0;0,00%;0;0,00%;0;0,00%;373879;0,74%
IL POPOLO DELLA FAMIGLIA;0;0,00%;0;0,00%;0;0,00%;0;0,00%;0;0,00%;0;0,00%;0;0,00%;0;0,00%;0;0,00%;0;0,00%;0;0,00%;0;0,00%;0;0,00%;0;0,00%;0;0,00%;0;0,00%;0;0,00%;219633;0,43%
ITALIA AGLI ITALIANI;0;0,00%;0;0,00%;0;0,00%;0;0,00%;0;0,00%;0;0,00%;0;0,00%;0;0,00%;0;0,00%;0;0,00%;0;0,00%;0;0,00%;0;0,00%;0;0,00%;0;0,00%;0;0,00%;0;0,00%;126543;0,25%
PARTITO VALORE UMANO;0;0,00%;0;0,00%;0;0,00%;0;0,00%;0;0,00%;0;0,00%;0;0,00%;0;0,00%;0;0,00%;0;0,00%;0;0,00%;0;0,00%;0;0,00%;0;0,00%;0;0,00%;0;0,00%;0;0,00%;49128;0,10%
10 VOLTE MEGLIO;0;0,00%;0;0,00%;0;0,00%;0;0,00%;0;0,00%;0;0,00%;0;0,00%;0;0,00%;0;0,00%;0;0,00%;0;0,00%;0;0,00%;0;0,00%;0;0,00%;0;0,00%;0;0,00%;0;0,00%;37354;0,07%
PER UNA SINISTRA RIVOLUZIONARIA;0;0,00%;0;0,00%;0;0,00%;0;0,00%;0;0,00%;0;0,00%;0;0,00%;0;0,00%;0;0,00%;0;0,00%;0;0,00%;0;0,00%;0;0,00%;0;0,00%;0;0,00%;0;0,00%;0;0,00%;29364;0,06%
PARTITO REPUBBLICANO ITALIANO - ALA;0;0,00%;0;0,00%;0;0,00%;0;0,00%;0;0,00%;0;0,00%;0;0,00%;0;0,00%;0;0,00%;0;0,00%;0;0,00%;0;0,00%;0;0,00%;0;0,00%;0;0,00%;0;0,00%;0;0,00%;23213;0,05%
GRANDE NORD;0;0,00%;0;0,00%;0;0,00%;0;0,00%;0;0,00%;0;0,00%;0;0,00%;0;0,00%;0;0,00%;0;0,00%;0;0,00%;0;0,00%;0;0,00%;0;0,00%;0;0,00%;0;0,00%;0;0,00%;19846;0,04%
AUTODETERMINATZIONE;0;0,00%;0;0,00%;0;0,00%;0;0,00%;0;0,00%;0;0,00%;0;0,00%;0;0,00%;0;0,00%;0;0,00%;0;0,00%;0;0,00%;0;0,00%;0;0,00%;0;0,00%;0;0,00%;0;0,00%;19307;0,04%
LISTA DEL POPOLO PER LA COSTITUZIONE;0;0,00%;0;0,00%;0;0,00%;0;0,00%;0;0,00%;0;0,00%;0;0,00%;0;0,00%;0;0,00%;0;0,00%;0;0,00%;0;0,00%;0;0,00%;0;0,00%;0;0,00%;0;0,00%;0;0,00%;9921;0,02%
PATTO PER L'AUTONOMIA;0;0,00%;0;0,00%;0;0,00%;0;0,00%;0;0,00%;0;0,00%;0;0,00%;0;0,00%;0;0,00%;0;0,00%;0;0,00%;0;0,00%;0;0,00%;0;0,00%;0;0,00%;0;0,00%;0;0,00%;7079;0,01%
BLOCCO NAZIONALE PER LE LIBERTA';0;0,00%;0;0,00%;0;0,00%;0;0,00%;0;0,00%;0;0,00%;0;0,00%;0;0,00%;0;0,00%;0;0,00%;0;0,00%;0;0,00%;0;0,00%;0;0,00%;0;0,00%;0;0,00%;0;0,00%;3628;0,01%
SIAMO;0;0,00%;0;0,00%;0;0,00%;0;0,00%;0;0,00%;0;0,00%;0;0,00%;0;0,00%;0;0,00%;0;0,00%;0;0,00%;0;0,00%;0;0,00%;0;0,00%;0;0,00%;0;0,00%;0;0,00%;1428;0,00%
RINASCIMENTO MIR;0;0,00%;0;0,00%;0;0,00%;0;0,00%;0;0,00%;0;0,00%;0;0,00%;0;0,00%;0;0,00%;0;0,00%;0;0,00%;0;0,00%;0;0,00%;0;0,00%;0;0,00%;0;0,00%;0;0,00%;772;0,00%
ITALIA NEL CUORE;0;0,00%;0;0,00%;0;0,00%;0;0,00%;0;0,00%;0;0,00%;0;0,00%;0;0,00%;0;0,00%;0;0,00%;0;0,00%;0;0,00%;0;0,00%;0;0,00%;0;0,00%;0;0,00%;0;0,00%;574;0,00%
PD-UV-UVP-EPAV;0;0,00%;0;0,00%;0;0,00%;0;0,00%;0;0,00%;0;0,00%;0;0,00%;0;0,00%;0;0,00%;0;0,00%;0;0,00%;0;0,00%;0;0,00%;0;0,00%;0;0,00%;0;0,00%;0;0,00%;14429;0,03%
POUR TOUS PER TUTTI PE TCHEUT;0;0,00%;0;0,00%;0;0,00%;0;0,00%;0;0,00%;0;0,00%;0;0,00%;0;0,00%;0;0,00%;0;0,00%;0;0,00%;0;0,00%;0;0,00%;0;0,00%;0;0,00%;0;0,00%;0;0,00%;12118;0,02%
FI -FRAT. D'IT. -MOV.NUOVA VALLE D'AOSTA;0;0,00%;0;0,00%;0;0,00%;0;0,00%;0;0,00%;0;0,00%;0;0,00%;0;0,00%;0;0,00%;0;0,00%;0;0,00%;0;0,00%;0;0,00%;0;0,00%;0;0,00%;0;0,00%;0;0,00%;5533;0,01%
RISPOSTA CIVICA;0;0,00%;0;0,00%;0;0,00%;0;0,00%;0;0,00%;0;0,00%;0;0,00%;0;0,00%;0;0,00%;0;0,00%;0;0,00%;0;0,00%;0;0,00%;0;0,00%;0;0,00%;0;0,00%;0;0,00%;2623;0,01%
UNITAL;0;0,00%;0;0,00%;0;0,00%;0;0,00%;0;0,00%;0;0,00%;0;0,00%;0;0,00%;0;0,00%;0;0,00%;0;0,00%;0;0,00%;0;0,00%;0;0,00%;0;0,00%;0;0,00%;0;0,00%;25555;0,05%
FREE FLIGHTS TO ITALY;0;0,00%;0;0,00%;0;0,00%;0;0,00%;0;0,00%;0;0,00%;0;0,00%;0;0,00%;0;0,00%;0;0,00%;0;0,00%;0;0,00%;0;0,00%;0;0,00%;0;0,00%;0;0,00%;0;0,00%;946;0,00%
;;;;;;;;;;;;;;;;;;;;;;;;;;;;;;;;;;;;
;;;;;;;;;;;;;;;;;;;;;;;;;;;;;;;;;;;;
;;;;;;;;;;;;;;;;;;;;;;;;;;;;;;;;;;;;
;;;;;;;;;;;;;;;;;;;;;;;;;;;;;;;;;;;;
;;;;;;;;;;;;;;;;;;;;;;;;;;;;;;;;;;;;
;;;;;;;;;;;;;;;;;;;;;;;;;;;;;;;;;;;;
;;;;;;;;;;;;;;;;;;;;;;;;;;;;;;;;;;;;
;;;;;;;;;;;;;;;;;;;;;;;;;;;;;;;;;;;;
;;;;;;;;;;;;;;;;;;;;;;;;;;;;;;;;;;;;
;;;;;;;;;;;;;;;;;;;;;;;;;;;;;;;;;;;;
;;;;;;;;;;;;;;;;;;;;;;;;;;;;;;;;;;;;
;;;;;;;;;;;;;;;;;;;;;;;;;;;;;;;;;;;;
;;;;;;;;;;;;;;;;;;;;;;;;;;;;;;;;;;;;
;;;;;;;;;;;;;;;;;;;;;;;;;;;;;;;;;;;;
;;;;;;;;;;;;;;;;;;;;;;;;;;;;;;;;;;;;
;;;;;;;;;;;;;;;;;;;;;;;;;;;;;;;;;;;;
;;;;;;;;;;;;;;;;;;;;;;;;;;;;;;;;;;;;
;;;;;;;;;;;;;;;;;;;;;;;;;;;;;;;;;;;;
;;;;;;;;;;;;;;;;;;;;;;;;;;;;;;;;;;;;
;;;;;;;;;;;;;;;;;;;;;;;;;;;;;;;;;;;;
;;;;;;;;;;;;;;;;;;;;;;;;;;;;;;;;;;;;
;;;;;;;;;;;;;;;;;;;;;;;;;;;;;;;;;;;;
;;;;;;;;;;;;;;;;;;;;;;;;;;;;;;;;;;;;
;;;;;;;;;;;;;;;;;;;;;;;;;;;;;;;;;;;;
;;;;;;;;;;;;;;;;;;;;;;;;;;;;;;;;;;;;
;;;;;;;;;;;;;;;;;;;;;;;;;;;;;;;;;;;;
;;;;;;;;;;;;;;;;;;;;;;;;;;;;;;;;;;;;
;;;;;;;;;;;;;;;;;;;;;;;;;;;;;;;;;;;;
;;;;;;;;;;;;;;;;;;;;;;;;;;;;;;;;;;;;
;;;;;;;;;;;;;;;;;;;;;;;;;;;;;;;;;;;;
;;;;;;;;;;;;;;;;;;;;;;;;;;;;;;;;;;;;
;;;;;;;;;;;;;;;;;;;;;;;;;;;;;;;;;;;;
;;;;;;;;;;;;;;;;;;;;;;;;;;;;;;;;;;;;
;;;;;;;;;;;;;;;;;;;;;;;;;;;;;;;;;;;;
;;;;;;;;;;;;;;;;;;;;;;;;;;;;;;;;;;;;
;;;;;;;;;;;;;;;;;;;;;;;;;;;;;;;;;;;;
;;;;;;;;;;;;;;;;;;;;;;;;;;;;;;;;;;;;
;;;;;;;;;;;;;;;;;;;;;;;;;;;;;;;;;;;;
;;;;;;;;;;;;;;;;;;;;;;;;;;;;;;;;;;;;
;;;;;;;;;;;;;;;;;;;;;;;;;;;;;;;;;;;;
;;;;;;;;;;;;;;;;;;;;;;;;;;;;;;;;;;;;
;;;;;;;;;;;;;;;;;;;;;;;;;;;;;;;;;;;;
;;;;;;;;;;;;;;;;;;;;;;;;;;;;;;;;;;;;
;;;;;;;;;;;;;;;;;;;;;;;;;;;;;;;;;;;;
;;;;;;;;;;;;;;;;;;;;;;;;;;;;;;;;;;;;
;;;;;;;;;;;;;;;;;;;;;;;;;;;;;;;;;;;;
;;;;;;;;;;;;;;;;;;;;;;;;;;;;;;;;;;;;
;;;;;;;;;;;;;;;;;;;;;;;;;;;;;;;;;;;;
;;;;;;;;;;;;;;;;;;;;;;;;;;;;;;;;;;;;
;;;;;;;;;;;;;;;;;;;;;;;;;;;;;;;;;;;;
;;;;;;;;;;;;;;;;;;;;;;;;;;;;;;;;;;;;
;;;;;;;;;;;;;;;;;;;;;;;;;;;;;;;;;;;;
;;;;;;;;;;;;;;;;;;;;;;;;;;;;;;;;;;;;
;;;;;;;;;;;;;;;;;;;;;;;;;;;;;;;;;;;;
;;;;;;;;;;;;;;;;;;;;;;;;;;;;;;;;;;;;
;;;;;;;;;;;;;;;;;;;;;;;;;;;;;;;;;;;;
;;;;;;;;;;;;;;;;;;;;;;;;;;;;;;;;;;;;
;;;;;;;;;;;;;;;;;;;;;;;;;;;;;;;;;;;;
;;;;;;;;;;;;;;;;;;;;;;;;;;;;;;;;;;;;
;;;;;;;;;;;;;;;;;;;;;;;;;;;;;;;;;;;;
;;;;;;;;;;;;;;;;;;;;;;;;;;;;;;;;;;;;
;;;;;;;;;;;;;;;;;;;;;;;;;;;;;;;;;;;;
;;;;;;;;;;;;;;;;;;;;;;;;;;;;;;;;;;;;
;;;;;;;;;;;;;;;;;;;;;;;;;;;;;;;;;;;;
;;;;;;;;;;;;;;;;;;;;;;;;;;;;;;;;;;;;
;;;;;;;;;;;;;;;;;;;;;;;;;;;;;;;;;;;;
;;;;;;;;;;;;;;;;;;;;;;;;;;;;;;;;;;;;
;;;;;;;;;;;;;;;;;;;;;;;;;;;;;;;;;;;;
;;;;;;;;;;;;;;;;;;;;;;;;;;;;;;;;;;;;
;;;;;;;;;;;;;;;;;;;;;;;;;;;;;;;;;;;;
;;;;;;;;;;;;;;;;;;;;;;;;;;;;;;;;;;;;
;;;;;;;;;;;;;;;;;;;;;;;;;;;;;;;;;;;;
;;;;;;;;;;;;;;;;;;;;;;;;;;;;;;;;;;;;
;;;;;;;;;;;;;;;;;;;;;;;;;;;;;;;;;;;;
;;;;;;;;;;;;;;;;;;;;;;;;;;;;;;;;;;;;
;;;;;;;;;;;;;;;;;;;;;;;;;;;;;;;;;;;;
;;;;;;;;;;;;;;;;;;;;;;;;;;;;;;;;;;;;
;;;;;;;;;;;;;;;;;;;;;;;;;;;;;;;;;;;;
;;;;;;;;;;;;;;;;;;;;;;;;;;;;;;;;;;;;
;;;;;;;;;;;;;;;;;;;;;;;;;;;;;;;;;;;;
;;;;;;;;;;;;;;;;;;;;;;;;;;;;;;;;;;;;
;;;;;;;;;;;;;;;;;;;;;;;;;;;;;;;;;;;;
;;;;;;;;;;;;;;;;;;;;;;;;;;;;;;;;;;;;
;;;;;;;;;;;;;;;;;;;;;;;;;;;;;;;;;;;;
;;;;;;;;;;;;;;;;;;;;;;;;;;;;;;;;;;;;
;;;;;;;;;;;;;;;;;;;;;;;;;;;;;;;;;;;;
;;;;;;;;;;;;;;;;;;;;;;;;;;;;;;;;;;;;
;;;;;;;;;;;;;;;;;;;;;;;;;;;;;;;;;;;;
;;;;;;;;;;;;;;;;;;;;;;;;;;;;;;;;;;;;
;;;;;;;;;;;;;;;;;;;;;;;;;;;;;;;;;;;;
;;;;;;;;;;;;;;;;;;;;;;;;;;;;;;;;;;;;
;;;;;;;;;;;;;;;;;;;;;;;;;;;;;;;;;;;;
;;;;;;;;;;;;;;;;;;;;;;;;;;;;;;;;;;;;
;;;;;;;;;;;;;;;;;;;;;;;;;;;;;;;;;;;;
;;;;;;;;;;;;;;;;;;;;;;;;;;;;;;;;;;;;
;;;;;;;;;;;;;;;;;;;;;;;;;;;;;;;;;;;;
;;;;;;;;;;;;;;;;;;;;;;;;;;;;;;;;;;;;
;;;;;;;;;;;;;;;;;;;;;;;;;;;;;;;;;;;;
;;;;;;;;;;;;;;;;;;;;;;;;;;;;;;;;;;;;
;;;;;;;;;;;;;;;;;;;;;;;;;;;;;;;;;;;;
;;;;;;;;;;;;;;;;;;;;;;;;;;;;;;;;;;;;
;;;;;;;;;;;;;;;;;;;;;;;;;;;;;;;;;;;;
;;;;;;;;;;;;;;;;;;;;;;;;;;;;;;;;;;;;
;;;;;;;;;;;;;;;;;;;;;;;;;;;;;;;;;;;;
;;;;;;;;;;;;;;;;;;;;;;;;;;;;;;;;;;;;
;;;;;;;;;;;;;;;;;;;;;;;;;;;;;;;;;;;;
;;;;;;;;;;;;;;;;;;;;;;;;;;;;;;;;;;;;
;;;;;;;;;;;;;;;;;;;;;;;;;;;;;;;;;;;;
;;;;;;;;;;;;;;;;;;;;;;;;;;;;;;;;;;;;
;;;;;;;;;;;;;;;;;;;;;;;;;;;;;;;;;;;;
;;;;;;;;;;;;;;;;;;;;;;;;;;;;;;;;;;;;
;;;;;;;;;;;;;;;;;;;;;;;;;;;;;;;;;;;;
;;;;;;;;;;;;;;;;;;;;;;;;;;;;;;;;;;;;
;;;;;;;;;;;;;;;;;;;;;;;;;;;;;;;;;;;;
;;;;;;;;;;;;;;;;;;;;;;;;;;;;;;;;;;;;
;;;;;;;;;;;;;;;;;;;;;;;;;;;;;;;;;;;;
;;;;;;;;;;;;;;;;;;;;;;;;;;;;;;;;;;;;
;;;;;;;;;;;;;;;;;;;;;;;;;;;;;;;;;;;;
;;;;;;;;;;;;;;;;;;;;;;;;;;;;;;;;;;;;
;;;;;;;;;;;;;;;;;;;;;;;;;;;;;;;;;;;;
;;;;;;;;;;;;;;;;;;;;;;;;;;;;;;;;;;;;
;;;;;;;;;;;;;;;;;;;;;;;;;;;;;;;;;;;;
;;;;;;;;;;;;;;;;;;;;;;;;;;;;;;;;;;;;
;;;;;;;;;;;;;;;;;;;;;;;;;;;;;;;;;;;;
;;;;;;;;;;;;;;;;;;;;;;;;;;;;;;;;;;;;
;;;;;;;;;;;;;;;;;;;;;;;;;;;;;;;;;;;;
;;;;;;;;;;;;;;;;;;;;;;;;;;;;;;;;;;;;
;;;;;;;;;;;;;;;;;;;;;;;;;;;;;;;;;;;;
;;;;;;;;;;;;;;;;;;;;;;;;;;;;;;;;;;;;
;;;;;;;;;;;;;;;;;;;;;;;;;;;;;;;;;;;;
;;;;;;;;;;;;;;;;;;;;;;;;;;;;;;;;;;;;
;;;;;;;;;;;;;;;;;;;;;;;;;;;;;;;;;;;;
;;;;;;;;;;;;;;;;;;;;;;;;;;;;;;;;;;;;
;;;;;;;;;;;;;;;;;;;;;;;;;;;;;;;;;;;;
;;;;;;;;;;;;;;;;;;;;;;;;;;;;;;;;;;;;
;;;;;;;;;;;;;;;;;;;;;;;;;;;;;;;;;;;;
;;;;;;;;;;;;;;;;;;;;;;;;;;;;;;;;;;;;
;;;;;;;;;;;;;;;;;;;;;;;;;;;;;;;;;;;;
;;;;;;;;;;;;;;;;;;;;;;;;;;;;;;;;;;;;
;;;;;;;;;;;;;;;;;;;;;;;;;;;;;;;;;;;;
;;;;;;;;;;;;;;;;;;;;;;;;;;;;;;;;;;;;
;;;;;;;;;;;;;;;;;;;;;;;;;;;;;;;;;;;;
;;;;;;;;;;;;;;;;;;;;;;;;;;;;;;;;;;;;
;;;;;;;;;;;;;;;;;;;;;;;;;;;;;;;;;;;;
;;;;;;;;;;;;;;;;;;;;;;;;;;;;;;;;;;;;
;;;;;;;;;;;;;;;;;;;;;;;;;;;;;;;;;;;;
;;;;;;;;;;;;;;;;;;;;;;;;;;;;;;;;;;;;
;;;;;;;;;;;;;;;;;;;;;;;;;;;;;;;;;;;;
;;;;;;;;;;;;;;;;;;;;;;;;;;;;;;;;;;;;
;;;;;;;;;;;;;;;;;;;;;;;;;;;;;;;;;;;;
;;;;;;;;;;;;;;;;;;;;;;;;;;;;;;;;;;;;
;;;;;;;;;;;;;;;;;;;;;;;;;;;;;;;;;;;;
;;;;;;;;;;;;;;;;;;;;;;;;;;;;;;;;;;;;
;;;;;;;;;;;;;;;;;;;;;;;;;;;;;;;;;;;;
;;;;;;;;;;;;;;;;;;;;;;;;;;;;;;;;;;;;
;;;;;;;;;;;;;;;;;;;;;;;;;;;;;;;;;;;;
;;;;;;;;;;;;;;;;;;;;;;;;;;;;;;;;;;;;
;;;;;;;;;;;;;;;;;;;;;;;;;;;;;;;;;;;;
;;;;;;;;;;;;;;;;;;;;;;;;;;;;;;;;;;;;
;;;;;;;;;;;;;;;;;;;;;;;;;;;;;;;;;;;;
;;;;;;;;;;;;;;;;;;;;;;;;;;;;;;;;;;;;
;;;;;;;;;;;;;;;;;;;;;;;;;;;;;;;;;;;;
;;;;;;;;;;;;;;;;;;;;;;;;;;;;;;;;;;;;
;;;;;;;;;;;;;;;;;;;;;;;;;;;;;;;;;;;;
;;;;;;;;;;;;;;;;;;;;;;;;;;;;;;;;;;;;
;;;;;;;;;;;;;;;;;;;;;;;;;;;;;;;;;;;;
;;;;;;;;;;;;;;;;;;;;;;;;;;;;;;;;;;;;
;;;;;;;;;;;;;;;;;;;;;;;;;;;;;;;;;;;;
;;;;;;;;;;;;;;;;;;;;;;;;;;;;;;;;;;;;
;;;;;;;;;;;;;;;;;;;;;;;;;;;;;;;;;;;;
;;;;;;;;;;;;;;;;;;;;;;;;;;;;;;;;;;;;
;;;;;;;;;;;;;;;;;;;;;;;;;;;;;;;;;;;;
;;;;;;;;;;;;;;;;;;;;;;;;;;;;;;;;;;;;
;;;;;;;;;;;;;;;;;;;;;;;;;;;;;;;;;;;;
;;;;;;;;;;;;;;;;;;;;;;;;;;;;;;;;;;;;
;;;;;;;;;;;;;;;;;;;;;;;;;;;;;;;;;;;;
;;;;;;;;;;;;;;;;;;;;;;;;;;;;;;;;;;;;
;;;;;;;;;;;;;;;;;;;;;;;;;;;;;;;;;;;;
;;;;;;;;;;;;;;;;;;;;;;;;;;;;;;;;;;;;
;;;;;;;;;;;;;;;;;;;;;;;;;;;;;;;;;;;;
;;;;;;;;;;;;;;;;;;;;;;;;;;;;;;;;;;;;
;;;;;;;;;;;;;;;;;;;;;;;;;;;;;;;;;;;;
;;;;;;;;;;;;;;;;;;;;;;;;;;;;;;;;;;;;
;;;;;;;;;;;;;;;;;;;;;;;;;;;;;;;;;;;;
;;;;;;;;;;;;;;;;;;;;;;;;;;;;;;;;;;;;
;;;;;;;;;;;;;;;;;;;;;;;;;;;;;;;;;;;;
;;;;;;;;;;;;;;;;;;;;;;;;;;;;;;;;;;;;
;;;;;;;;;;;;;;;;;;;;;;;;;;;;;;;;;;;;
;;;;;;;;;;;;;;;;;;;;;;;;;;;;;;;;;;;;
;;;;;;;;;;;;;;;;;;;;;;;;;;;;;;;;;;;;
;;;;;;;;;;;;;;;;;;;;;;;;;;;;;;;;;;;;
;;;;;;;;;;;;;;;;;;;;;;;;;;;;;;;;;;;;
;;;;;;;;;;;;;;;;;;;;;;;;;;;;;;;;;;;;
;;;;;;;;;;;;;;;;;;;;;;;;;;;;;;;;;;;;
;;;;;;;;;;;;;;;;;;;;;;;;;;;;;;;;;;;;
;;;;;;;;;;;;;;;;;;;;;;;;;;;;;;;;;;;;
;;;;;;;;;;;;;;;;;;;;;;;;;;;;;;;;;;;;
;;;;;;;;;;;;;;;;;;;;;;;;;;;;;;;;;;;;
;;;;;;;;;;;;;;;;;;;;;;;;;;;;;;;;;;;;
;;;;;;;;;;;;;;;;;;;;;;;;;;;;;;;;;;;;
;;;;;;;;;;;;;;;;;;;;;;;;;;;;;;;;;;;;
;;;;;;;;;;;;;;;;;;;;;;;;;;;;;;;;;;;;
;;;;;;;;;;;;;;;;;;;;;;;;;;;;;;;;;;;;
;;;;;;;;;;;;;;;;;;;;;;;;;;;;;;;;;;;;
;;;;;;;;;;;;;;;;;;;;;;;;;;;;;;;;;;;;
;;;;;;;;;;;;;;;;;;;;;;;;;;;;;;;;;;;;
